Ajerų g.,Antakalnio
Algirdo Juliaus Greimo g.,Antakalnio
Anapilio g.,Antakalnio
Antakalnio g.,Antakalnio
Antano Škėmos g.,Antakalnio
Antavilių g.,Antakalnio
Antavilių Sodų 1-oji g.,Antakalnio
Antavilių Sodų 10-oji g.,Antakalnio
Antavilių Sodų 11-oji g.,Antakalnio
Antavilių Sodų 12-oji g.,Antakalnio
Antavilių Sodų 2-oji g.,Antakalnio
Antavilių Sodų 3-ioji g.,Antakalnio
Antavilių Sodų 4-oji g.,Antakalnio
Antavilių Sodų 5-oji g.,Antakalnio
Antavilių Sodų 6-oji g.,Antakalnio
Antavilių Sodų 7-oji g.,Antakalnio
Antavilių Sodų 8-oji g.,Antakalnio
Antavilių Sodų 9-oji g.,Antakalnio
Apuolės g.,Antakalnio
Asiūklių g.,Antakalnio
Aukštagirio g.,Antakalnio
B. Sruogos g.,Antakalnio
Balžio g.,Antakalnio
Barsukynės g.,Antakalnio
Birutės Marijos Gimbutienės g.,Antakalnio
Bistryčios g.,Antakalnio
Bruknių g.,Antakalnio
Centrinė g.,Antakalnio
Česlovo Kudabos g.,Antakalnio
Debesijos g.,Antakalnio
Duburio g.,Antakalnio
Dvarčionių g.,Antakalnio
Dvarčionių Sodų 1-oji g.,Antakalnio
Dvarčionių Sodų 2-oji g.,Antakalnio
Dvarčionių Sodų 3-ioji g.,Antakalnio
Elniakampio g.,Antakalnio
Ežerėlių g.,Antakalnio
Filaretų g.,Antakalnio
Fulgento Rimgailos g.,Antakalnio
Gaidžių g.,Antakalnio
Gaigalų g.,Antakalnio
Gailestingųjų Seserų g.,Antakalnio
Gailių g.,Antakalnio
Galgių g.,Antakalnio
Garšvų g.,Antakalnio
Gelvadiškių g.,Antakalnio
Gelvadiškių Sodų 1-oji g.,Antakalnio
Gelvadiškių Sodų 2-oji g.,Antakalnio
Gelvadiškių Sodų 3-ioji g.,Antakalnio
Gelvadiškių Sodų 4-oji g.,Antakalnio
Gelvadiškių Sodų 5-oji g.,Antakalnio
Gelvadiškių Sodų 6-oji g.,Antakalnio
Giedros g.,Antakalnio
Girinaičių g.,Antakalnio
Girininkijos g.,Antakalnio
Gražinos g.,Antakalnio
Grybautojų g.,Antakalnio
Gubojų g.,Antakalnio
Gvazdikų g.,Antakalnio
Gvazdikų Sodų g.,Antakalnio
Gvazdikų Sodų 1-oji g.,Antakalnio
Gvazdikų Sodų 10-oji g.,Antakalnio
Gvazdikų Sodų 11-oji g.,Antakalnio
Gvazdikų Sodų 12-oji g.,Antakalnio
Gvazdikų Sodų 13-oji g.,Antakalnio
Gvazdikų Sodų 14-oji g.,Antakalnio
Gvazdikų Sodų 15-oji g.,Antakalnio
Gvazdikų Sodų 16-oji g.,Antakalnio
Gvazdikų Sodų 2-oji g.,Antakalnio
Gvazdikų Sodų 3-ioji g.,Antakalnio
Gvazdikų Sodų 4-oji g.,Antakalnio
Gvazdikų Sodų 5-oji g.,Antakalnio
Gvazdikų Sodų 6-oji g.,Antakalnio
Gvazdikų Sodų 7-oji g.,Antakalnio
Gvazdikų Sodų 8-oji g.,Antakalnio
Gvazdikų Sodų 9-oji g.,Antakalnio
Igno Domeikos g.,Antakalnio
J. Biliūno g.,Antakalnio
J. Čerskio g.,Antakalnio
J. Pabrėžos g.,Antakalnio
Jono Pauliaus II a.,Antakalnio
Juodvarnių g.,Antakalnio
Juodvarnių Sodų g.,Antakalnio
Juodvarnių Sodų 1-oji g.,Antakalnio
Juodvarnių Sodų 10-oji g.,Antakalnio
Juodvarnių Sodų 11-oji g.,Antakalnio
Juodvarnių Sodų 12-oji g.,Antakalnio
Juodvarnių Sodų 13-oji g.,Antakalnio
Juodvarnių Sodų 14-oji g.,Antakalnio
Juodvarnių Sodų 15-oji g.,Antakalnio
Juodvarnių Sodų 16-oji g.,Antakalnio
Juodvarnių Sodų 17-oji g.,Antakalnio
Juodvarnių Sodų 18-oji g.,Antakalnio
Juodvarnių Sodų 19-oji g.,Antakalnio
Juodvarnių Sodų 2-oji g.,Antakalnio
Juodvarnių Sodų 20-oji g.,Antakalnio
Juodvarnių Sodų 21-oji g.,Antakalnio
Juodvarnių Sodų 22-oji g.,Antakalnio
Juodvarnių Sodų 23-ioji g.,Antakalnio
Juodvarnių Sodų 24-oji g.,Antakalnio
Juodvarnių Sodų 25-oji g.,Antakalnio
Juodvarnių Sodų 26-oji g.,Antakalnio
Juodvarnių Sodų 27-oji g.,Antakalnio
Juodvarnių Sodų 28-oji g.,Antakalnio
Juodvarnių Sodų 3-ioji g.,Antakalnio
Juodvarnių Sodų 4-oji g.,Antakalnio
Juodvarnių Sodų 5-oji g.,Antakalnio
Juodvarnių Sodų 6-oji g.,Antakalnio
Juodvarnių Sodų 7-oji g.,Antakalnio
Juodvarnių Sodų 8-oji g.,Antakalnio
Juodvarnių Sodų 9-oji g.,Antakalnio
Jūratės g.,Antakalnio
K. Būgos g.,Antakalnio
K. Jauniaus g.,Antakalnio
K. Semenavičiaus g.,Antakalnio
Kairėnės g.,Antakalnio
Kairėnės Sodų g.,Antakalnio
Kairėnės Sodų 1-oji g.,Antakalnio
Kairėnės Sodų 2-oji g.,Antakalnio
Kairėnės Sodų 3-ioji g.,Antakalnio
Kairėnės Sodų 4-oji g.,Antakalnio
Kairėnų g.,Antakalnio
Kalno g.,Antakalnio
Kalvos g.,Antakalnio
Kalvų Sodų 1-oji g.,Antakalnio
Kalvų Sodų 2-oji g.,Antakalnio
Kalvų Sodų 3-ioji g.,Antakalnio
Kalvų Sodų 4-oji g.,Antakalnio
Kanklių g.,Antakalnio
Karačiūnų g.,Antakalnio
Karačiūnų Sodų 1-oji g.,Antakalnio
Karačiūnų Sodų 10-oji g.,Antakalnio
Karačiūnų Sodų 11-oji g.,Antakalnio
Karačiūnų Sodų 12-oji g.,Antakalnio
Karačiūnų Sodų 13-oji g.,Antakalnio
Karačiūnų Sodų 2-oji g.,Antakalnio
Karačiūnų Sodų 3-ioji g.,Antakalnio
Karačiūnų Sodų 4-oji g.,Antakalnio
Karačiūnų Sodų 5-oji g.,Antakalnio
Karačiūnų Sodų 6-oji g.,Antakalnio
Karačiūnų Sodų 7-oji g.,Antakalnio
Karačiūnų Sodų 8-oji g.,Antakalnio
Karačiūnų Sodų 9-oji g.,Antakalnio
Karių Kapų g.,Antakalnio
Keramikų g.,Antakalnio
Kiškeliškių g.,Antakalnio
Kiškių g.,Antakalnio
Klinikų g.,Antakalnio
Koklių g.,Antakalnio
Konservatorijos Sodų 1-oji g.,Antakalnio
Konservatorijos Sodų 2-oji g.,Antakalnio
Konservatorijos Sodų 3-ioji g.,Antakalnio
Konservatorijos Sodų 4-oji g.,Antakalnio
Kopūstų g.,Antakalnio
Kregždžių g.,Antakalnio
Kuosų g.,Antakalnio
L. Karsavino g.,Antakalnio
L. Sapiegos g.,Antakalnio
Lakštingalos Sodų g.,Antakalnio
Lakštingalos Sodų 1-oji g.,Antakalnio
Lakštingalos Sodų 2-oji g.,Antakalnio
Lakštingalos Sodų 3-ioji g.,Antakalnio
Lakštingalos Sodų 4-oji g.,Antakalnio
Lakštingalos Sodų 5-oji g.,Antakalnio
Lakštingalos Sodų 6-oji g.,Antakalnio
Lakštingalų g.,Antakalnio
Latežerio g.,Antakalnio
Lauksargio g.,Antakalnio
Laumžirgių g.,Antakalnio
Laurų g.,Antakalnio
Laurų Sodų 1-oji g.,Antakalnio
Laurų Sodų 2-oji g.,Antakalnio
Laurų Sodų 3-ioji g.,Antakalnio
Laurų Sodų 4-oji g.,Antakalnio
Laurų Sodų 5-oji g.,Antakalnio
Laurų Sodų 6-oji g.,Antakalnio
Laurų Sodų 7-oji g.,Antakalnio
Laurų Sodų 8-oji g.,Antakalnio
Laurų Sodų 9-oji g.,Antakalnio
Lazdynų Pelėdos g.,Antakalnio
Lentupio g.,Antakalnio
Lietaviškių g.,Antakalnio
Lingių g.,Antakalnio
Lizdeikos g.,Antakalnio
Ližiškių g.,Antakalnio
Lubinų g.,Antakalnio
M. Girdvainio g.,Antakalnio
M. K. Oginskio g.,Antakalnio
M. K. Paco g.,Antakalnio
M. Počobuto g.,Antakalnio
M. Rėmerio g.,Antakalnio
Maudyklos g.,Antakalnio
Medžiotojų g.,Antakalnio
Meiriškių g.,Antakalnio
Meldų g.,Antakalnio
Mėlynių g.,Antakalnio
Meškeriotojų g.,Antakalnio
Mėtų g.,Antakalnio
Mikalojaus Husoviano g.,Antakalnio
Mildos g.,Antakalnio
Mileišiškių g.,Antakalnio
Mileišiškių Sodų g.,Antakalnio
Mileišiškių Sodų 1-oji g.,Antakalnio
Mileišiškių Sodų 10-oji g.,Antakalnio
Mileišiškių Sodų 11-oji g.,Antakalnio
Mileišiškių Sodų 12-oji g.,Antakalnio
Mileišiškių Sodų 13-oji g.,Antakalnio
Mileišiškių Sodų 14-oji g.,Antakalnio
Mileišiškių Sodų 2-oji g.,Antakalnio
Mileišiškių Sodų 3-ioji g.,Antakalnio
Mileišiškių Sodų 4-oji g.,Antakalnio
Mileišiškių Sodų 5-oji g.,Antakalnio
Mileišiškių Sodų 6-oji g.,Antakalnio
Mileišiškių Sodų 7-oji g.,Antakalnio
Mileišiškių Sodų 8-oji g.,Antakalnio
Mileišiškių Sodų 9-oji g.,Antakalnio
Miškadvario g.,Antakalnio
Miškininkų g.,Antakalnio
Moliakalnio g.,Antakalnio
Nakvišų g.,Antakalnio
Naujakurių g.,Antakalnio
Nemenčinės pl.,Antakalnio
Nugalėtojų g.,Antakalnio
O. Milašiaus g.,Antakalnio
Olandų g.,Antakalnio
P. Vileišio g.,Antakalnio
Paliuliškių g.,Antakalnio
Pasakų g.,Antakalnio
Pauliaus Širvio g.,Antakalnio
Pavasario g.,Antakalnio
Pečiukų g.,Antakalnio
Pelynų g.,Antakalnio
Petro Rimšos g.,Antakalnio
Pienių g.,Antakalnio
Pylimėlių g.,Antakalnio
Plytinės g.,Antakalnio
Plukių g.,Antakalnio
Povilo Snarskio g.,Antakalnio
Pragiedrulių g.,Antakalnio
Pragiedrulių Sodų 1-oji g.,Antakalnio
Pragiedrulių Sodų 2-oji g.,Antakalnio
Pragiedrulių Sodų 3-ioji g.,Antakalnio
Pragiedrulių Sodų 4-oji g.,Antakalnio
Pragiedrulių Sodų 5-oji g.,Antakalnio
Pragiedrulių Sodų 6-oji g.,Antakalnio
Pragiedrulių Sodų 7-oji g.,Antakalnio
Prano Morkūno g.,Antakalnio
Puodžių g.,Antakalnio
Pupojų g.,Antakalnio
Pupojų Sodų g.,Antakalnio
Pupojų Sodų 1-oji g.,Antakalnio
Pupojų Sodų 10-oji g.,Antakalnio
Pupojų Sodų 11-oji g.,Antakalnio
Pupojų Sodų 12-oji g.,Antakalnio
Pupojų Sodų 13-oji g.,Antakalnio
Pupojų Sodų 14-oji g.,Antakalnio
Pupojų Sodų 15-oji g.,Antakalnio
Pupojų Sodų 16-oji g.,Antakalnio
Pupojų Sodų 2-oji g.,Antakalnio
Pupojų Sodų 3-ioji g.,Antakalnio
Pupojų Sodų 4-oji g.,Antakalnio
Pupojų Sodų 5-oji g.,Antakalnio
Pupojų Sodų 6-oji g.,Antakalnio
Pupojų Sodų 7-oji g.,Antakalnio
Pupojų Sodų 8-oji g.,Antakalnio
Pupojų Sodų 9-oji g.,Antakalnio
Pupų g.,Antakalnio
Purienų g.,Antakalnio
Rasakilų g.,Antakalnio
Rato g.,Antakalnio
Rokantiškių g.,Antakalnio
Rokantiškių Sodų g.,Antakalnio
Rokantiškių Sodų 1-oji g.,Antakalnio
Rokantiškių Sodų 10-oji g.,Antakalnio
Rokantiškių Sodų 11-oji g.,Antakalnio
Rokantiškių Sodų 12-oji g.,Antakalnio
Rokantiškių Sodų 13-oji g.,Antakalnio
Rokantiškių Sodų 14-oji g.,Antakalnio
Rokantiškių Sodų 15-oji g.,Antakalnio
Rokantiškių Sodų 16-oji g.,Antakalnio
Rokantiškių Sodų 17-oji g.,Antakalnio
Rokantiškių Sodų 2-oji g.,Antakalnio
Rokantiškių Sodų 3-ioji g.,Antakalnio
Rokantiškių Sodų 4-oji g.,Antakalnio
Rokantiškių Sodų 5-oji g.,Antakalnio
Rokantiškių Sodų 6-oji g.,Antakalnio
Rokantiškių Sodų 7-oji g.,Antakalnio
Rokantiškių Sodų 8-oji g.,Antakalnio
Rokantiškių Sodų 9-oji g.,Antakalnio
Rudausių g.,Antakalnio
Rudausių Sodų 1-oji g.,Antakalnio
Rudausių Sodų 10-oji g.,Antakalnio
Rudausių Sodų 11-oji g.,Antakalnio
Rudausių Sodų 12-oji g.,Antakalnio
Rudausių Sodų 13-oji g.,Antakalnio
Rudausių Sodų 2-oji g.,Antakalnio
Rudausių Sodų 3-ioji g.,Antakalnio
Rudausių Sodų 4-oji g.,Antakalnio
Rudausių Sodų 5-oji g.,Antakalnio
Rudausių Sodų 6-oji g.,Antakalnio
Rudausių Sodų 7-oji g.,Antakalnio
Rudausių Sodų 8-oji g.,Antakalnio
Rudausių Sodų 9-oji g.,Antakalnio
Rudens g.,Antakalnio
Rukeliškių g.,Antakalnio
Rūtų g.,Antakalnio
S. B. Jundzilo g.,Antakalnio
Sadūniškių g.,Antakalnio
Samanų g.,Antakalnio
Saulės g.,Antakalnio
Saulėtekio al.,Antakalnio
Skaisterių g.,Antakalnio
Skarbelio g.,Antakalnio
Skarbelio Sodų 1-oji g.,Antakalnio
Skarbelio Sodų 2-oji g.,Antakalnio
Skarbelio Sodų 3-ioji g.,Antakalnio
Smėlynės Sodų g.,Antakalnio
Smėlynės Sodų 1-oji g.,Antakalnio
Smėlynės Sodų 2-oji g.,Antakalnio
Smėlynės Sodų 3-ioji g.,Antakalnio
Smėlynės Sodų 4-oji g.,Antakalnio
Smėlynės Sodų 5-oji g.,Antakalnio
Smėlio g.,Antakalnio
Smilgų g.,Antakalnio
Sokiškių g.,Antakalnio
Stanislovo Kerbedžio g.,Antakalnio
Stepono Kairio g.,Antakalnio
Svajonių g.,Antakalnio
Šalpusnių g.,Antakalnio
Šatrijos Raganos g.,Antakalnio
Šilagėlių g.,Antakalnio
Šilėnų g.,Antakalnio
Šilėnų Sodų 1-oji g.,Antakalnio
Šilėnų Sodų 2-oji g.,Antakalnio
Šilėnų Sodų 3-ioji g.,Antakalnio
Šilėnų Sodų 4-oji g.,Antakalnio
Šilėnų Sodų 5-oji g.,Antakalnio
Šilėnų Sodų 6-oji g.,Antakalnio
Šilėnų Sodų 7-oji g.,Antakalnio
Šilėnų Sodų 8-oji g.,Antakalnio
Šilėnų Sodų 9-oji g.,Antakalnio
Šilo g.,Antakalnio
Šlamučių g.,Antakalnio
Švyturio g.,Antakalnio
T. Ivanausko g.,Antakalnio
Talkos Sodų 1-oji g.,Antakalnio
Talkos Sodų 2-oji g.,Antakalnio
Talkos Sodų 3-ioji g.,Antakalnio
Talkos Sodų 4-oji g.,Antakalnio
Taurijos g.,Antakalnio
Tramvajų g.,Antakalnio
Turniškių g.,Antakalnio
Turniškių Sodų g.,Antakalnio
Tverečiaus g.,Antakalnio
V. Grybo g.,Antakalnio
V. Sezemano g.,Antakalnio
Vaidilutės g.,Antakalnio
Valakupių g.,Antakalnio
Vanagų g.,Antakalnio
Vasaros g.,Antakalnio
Vėdrynų g.,Antakalnio
Veržuvos g.,Antakalnio
Veržuvos Sodų g.,Antakalnio
Viksvų g.,Antakalnio
Vikučionių g.,Antakalnio
Vinciūniškių g.,Antakalnio
Vinciūniškių Sodų 1-oji g.,Antakalnio
Vinciūniškių Sodų 10-oji g.,Antakalnio
Vinciūniškių Sodų 11-oji g.,Antakalnio
Vinciūniškių Sodų 12-oji g.,Antakalnio
Vinciūniškių Sodų 13-oji g.,Antakalnio
Vinciūniškių Sodų 14-oji g.,Antakalnio
Vinciūniškių Sodų 15-oji g.,Antakalnio
Vinciūniškių Sodų 16-oji g.,Antakalnio
Vinciūniškių Sodų 17-oji g.,Antakalnio
Vinciūniškių Sodų 18-oji g.,Antakalnio
Vinciūniškių Sodų 19-oji g.,Antakalnio
Vinciūniškių Sodų 2-oji g.,Antakalnio
Vinciūniškių Sodų 20-oji g.,Antakalnio
Vinciūniškių Sodų 21-oji g.,Antakalnio
Vinciūniškių Sodų 22-oji g.,Antakalnio
Vinciūniškių Sodų 23-ioji g.,Antakalnio
Vinciūniškių Sodų 24-oji g.,Antakalnio
Vinciūniškių Sodų 3-ioji g.,Antakalnio
Vinciūniškių Sodų 4-oji g.,Antakalnio
Vinciūniškių Sodų 5-oji g.,Antakalnio
Vinciūniškių Sodų 6-oji g.,Antakalnio
Vinciūniškių Sodų 7-oji g.,Antakalnio
Vinciūniškių Sodų 8-oji g.,Antakalnio
Vinciūniškių Sodų 9-oji g.,Antakalnio
Vyrių Sodų 1-oji g.,Antakalnio
Vyrių Sodų 2-oji g.,Antakalnio
Vyrių Sodų 3-ioji g.,Antakalnio
Viršupio g.,Antakalnio
Viršupio Sodų g.,Antakalnio
Viršupio Sodų 1-oji g.,Antakalnio
Viršupio Sodų 10-oji g.,Antakalnio
Viršupio Sodų 11-oji g.,Antakalnio
Viršupio Sodų 12-oji g.,Antakalnio
Viršupio Sodų 13-oji g.,Antakalnio
Viršupio Sodų 14-oji g.,Antakalnio
Viršupio Sodų 15-oji g.,Antakalnio
Viršupio Sodų 16-oji g.,Antakalnio
Viršupio Sodų 17-oji g.,Antakalnio
Viršupio Sodų 18-oji g.,Antakalnio
Viršupio Sodų 19-oji g.,Antakalnio
Viršupio Sodų 2-oji g.,Antakalnio
Viršupio Sodų 20-oji g.,Antakalnio
Viršupio Sodų 21-oji g.,Antakalnio
Viršupio Sodų 22-oji g.,Antakalnio
Viršupio Sodų 23-ioji g.,Antakalnio
Viršupio Sodų 3-ioji g.,Antakalnio
Viršupio Sodų 4-oji g.,Antakalnio
Viršupio Sodų 5-oji g.,Antakalnio
Viršupio Sodų 6-oji g.,Antakalnio
Viršupio Sodų 7-oji g.,Antakalnio
Viršupio Sodų 8-oji g.,Antakalnio
Viršupio Sodų 9-oji g.,Antakalnio
Vismaliukų g.,Antakalnio
Vismaliukų Sodų 1-oji g.,Antakalnio
Vismaliukų Sodų 2-oji g.,Antakalnio
Vismaliukų Sodų 3-ioji g.,Antakalnio
Vismaliukų Sodų 4-oji g.,Antakalnio
Vismaliukų Sodų 5-oji g.,Antakalnio
Vismaliukų Sodų 6-oji g.,Antakalnio
Vytauto Žalakevičiaus g.,Antakalnio
Volungės g.,Antakalnio
Žirgo g.,Antakalnio
Žirgo Sodų 1-oji g.,Antakalnio
Žirgo Sodų 2-oji g.,Antakalnio
Žirgo Sodų 3-ioji g.,Antakalnio
Žirgo Sodų 4-oji g.,Antakalnio
Žirgo Sodų 5-oji g.,Antakalnio
Žolyno g.,Antakalnio
Žuvėdrų g.,Antakalnio
Žvaigždikių g.,Antakalnio
A. Gelgaudo g.,Fabijoniškių
Ateities g.,Fabijoniškių
Daubų g.,Fabijoniškių
Didlaukio g.,Fabijoniškių
Dominiškių g.,Fabijoniškių
Duonos Kalno g.,Fabijoniškių
Dvynių g.,Fabijoniškių
Eglynlaukio g.,Fabijoniškių
Fabijoniškių g.,Fabijoniškių
Gedvydžių g.,Fabijoniškių
Gojavietės g.,Fabijoniškių
J. K. Chodkevičiaus g.,Fabijoniškių
Juliaus Juzeliūno g.,Fabijoniškių
Kaimelio g.,Fabijoniškių
Kęsgailų g.,Fabijoniškių
Kireniškių g.,Fabijoniškių
Kruopiškių g.,Fabijoniškių
L. Giros g.,Fabijoniškių
Laiškiškių g.,Fabijoniškių
Lygių g.,Fabijoniškių
Liudviko Zamenhofo g.,Fabijoniškių
M. K. Šemetos g.,Fabijoniškių
Mergelės g.,Fabijoniškių
Mykolo Lietuvio g.,Fabijoniškių
Mykolo Sleževičiaus g.,Fabijoniškių
Naujakiemio g.,Fabijoniškių
Nuotakų g.,Fabijoniškių
Ožiaragio g.,Fabijoniškių
P. Žadeikos g.,Fabijoniškių
Paukščių Tako g.,Fabijoniškių
Pelėdūnų g.,Fabijoniškių
Prano Vaičaičio g.,Fabijoniškių
Raudonupio g.,Fabijoniškių
Riaubonių g.,Fabijoniškių
S. Stanevičiaus g.,Fabijoniškių
Salaspilio g.,Fabijoniškių
Salomėjos Nėries g.,Fabijoniškių
Sidabro Kalno g.,Fabijoniškių
Svarstyklių g.,Fabijoniškių
Šventeliškių g.,Fabijoniškių
Ukmergės g.,Fabijoniškių
Vandenio g.,Fabijoniškių
Visorių g.,Fabijoniškių
Ežeraičio g.,Justiniškių
Helsinkio g.,Justiniškių
Justiniškių g.,Justiniškių
Laisvės pr.,Justiniškių
Lūžių g.,Justiniškių
Mozūriškių g.,Justiniškių
Rygos g.,Justiniškių
Skatulės g.,Justiniškių
Taikos g.,Justiniškių
Talino g.,Justiniškių
Algimanto Petro Kavoliuko g.,Karoliniškių
Apolinaro Juozo Povilaičio g.,Karoliniškių
Dariaus Gerbutavičiaus g.,Karoliniškių
Igno Šimulionio g.,Karoliniškių
Joensū skv.,Karoliniškių
Laisvės pr.,Karoliniškių
Loretos Asanavičiūtės g.,Karoliniškių
Mėnulio g.,Karoliniškių
Pilaitės pr.,Karoliniškių
Rolando Jankausko g.,Karoliniškių
Sausio 13-osios g.,Karoliniškių
Sietyno g.,Karoliniškių
Vido Maciulevičiaus g.,Karoliniškių
Virginijaus Druskio g.,Karoliniškių
Vytauto Vaitkaus g.,Karoliniškių
A. Staškevičiūtės g.,Lazdynų
Antano Baranausko g.,Lazdynų
Architektų g.,Lazdynų
Bijūnų g.,Lazdynų
Bukčių g.,Lazdynų
E. Čiudakovos g.,Lazdynų
Erfurto g.,Lazdynų
Eugenijos Šimkūnaitės g.,Lazdynų
Gudelių g.,Lazdynų
J. Vitkaus-Kazimieraičio g.,Lazdynų
Jonažolių g.,Lazdynų
Jono Juodišiaus g.,Lazdynų
Jono Kazimiero Vilčinskio g.,Lazdynų
K. Petrausko g.,Lazdynų
Kardelių g.,Lazdynų
Kazimiero Jelskio g.,Lazdynų
Laisvės pr.,Lazdynų
Lazdynėlių g.,Lazdynų
Lazdynų g.,Lazdynų
Levandų g.,Lazdynų
Lietaus g.,Lazdynų
Lūkesčių g.,Lazdynų
M. Mironaitės g.,Lazdynų
Marcelės Kubiliūtės g.,Lazdynų
Miškinių g.,Lazdynų
Motiejukų g.,Lazdynų
Neužmirštuolių g.,Lazdynų
Oslo g.,Lazdynų
Pakalnučių g.,Lazdynų
Palaimos g.,Lazdynų
Parodų g.,Lazdynų
Pažagiškių g.,Lazdynų
R. Juknevičiaus g.,Lazdynų
Ratilių g.,Lazdynų
Rūko g.,Lazdynų
Sutemų g.,Lazdynų
Šalnos g.,Lazdynų
Šaltūnų g.,Lazdynų
Šarmos g.,Lazdynų
Šerkšno g.,Lazdynų
Šiltnamių g.,Lazdynų
Ungurių g.,Lazdynų
Upėtakių g.,Lazdynų
Užutėkio g.,Lazdynų
Vakaro g.,Lazdynų
Vėgėlių g.,Lazdynų
Vinco Krėvės g.,Lazdynų
Žaros g.,Lazdynų
Žėručio g.,Lazdynų
A. Domaševičiaus g.,Naujamiesčio
A. Goštauto g.,Naujamiesčio
A. Jakšto g.,Naujamiesčio
A. Rotundo g.,Naujamiesčio
A. Smetonos g.,Naujamiesčio
A. Stulginskio g.,Naujamiesčio
A. Vienuolio g.,Naujamiesčio
A. Vivulskio g.,Naujamiesčio
Aguonų g.,Naujamiesčio
Akmenų g.,Naujamiesčio
Algirdo g.,Naujamiesčio
Aludarių g.,Naujamiesčio
Amatų g.,Naujamiesčio
Ankštoji g.,Naujamiesčio
Antano Tumėno g.,Naujamiesčio
Aukų g.,Naujamiesčio
Beatričės g.,Naujamiesčio
Beržyno g.,Naujamiesčio
Birželio 23-iosios g.,Naujamiesčio
Dainavos g.,Naujamiesčio
Gedimino pr.,Naujamiesčio
Geležinio Vilko g.,Naujamiesčio
Geležinkelio g.,Naujamiesčio
Gynėjų g.,Naujamiesčio
J. Basanavičiaus g.,Naujamiesčio
J. Jablonskio g.,Naujamiesčio
J. Jasinskio g.,Naujamiesčio
J. Lelevelio g.,Naujamiesčio
J. Savickio g.,Naujamiesčio
J. Tumo-Vaižganto g.,Naujamiesčio
Jogailos g.,Naujamiesčio
Jono Aisčio g.,Naujamiesčio
Jovaro g.,Naujamiesčio
K. Donelaičio g.,Naujamiesčio
K. Griniaus g.,Naujamiesčio
K. Kalinausko g.,Naujamiesčio
Kaštonų g.,Naujamiesčio
Kauno g.,Naujamiesčio
Kedrų g.,Naujamiesčio
Kražių g.,Naujamiesčio
Lentpjūvių skg.,Naujamiesčio
Lukiškių g.,Naujamiesčio
Lukiškių a.,Naujamiesčio
Lukiškių skg.,Naujamiesčio
M. K. Čiurlionio g.,Naujamiesčio
M. Valančiaus g.,Naujamiesčio
Marijampolės g.,Naujamiesčio
Mečetės g.,Naujamiesčio
Mindaugo g.,Naujamiesčio
Muitinės g.,Naujamiesčio
Naugarduko g.,Naujamiesčio
Nepriklausomybės a.,Naujamiesčio
Nočios g.,Naujamiesčio
P. Cvirkos a.,Naujamiesčio
P. Klimo g.,Naujamiesčio
P. Skorinos g.,Naujamiesčio
Pakalnės g.,Naujamiesčio
Pamėnkalnio g.,Naujamiesčio
Panerių g.,Naujamiesčio
Pelesos g.,Naujamiesčio
Pylimo g.,Naujamiesčio
Punsko g.,Naujamiesčio
Raseinių g.,Naujamiesčio
Rožių al.,Naujamiesčio
S. Konarskio g.,Naujamiesčio
Savanorių pr.,Naujamiesčio
Seinų g.,Naujamiesčio
Simono Konarskio skv.,Naujamiesčio
Smolensko g.,Naujamiesčio
Sodų g.,Naujamiesčio
Statybininkų g.,Naujamiesčio
Stoties g.,Naujamiesčio
Suvalkų g.,Naujamiesčio
Šaltinių g.,Naujamiesčio
Šermukšnių g.,Naujamiesčio
Šv. Stepono g.,Naujamiesčio
Šviesos g.,Naujamiesčio
Švitrigailos g.,Naujamiesčio
T. Ševčenkos g.,Naujamiesčio
Tauro g.,Naujamiesčio
V. Mykolaičio-Putino g.,Naujamiesčio
V. Pietario g.,Naujamiesčio
Vasario 16-osios g.,Naujamiesčio
Vašingtono a.,Naujamiesčio
Vilniaus g.,Naujamiesčio
Vinco Kudirkos g.,Naujamiesčio
Vytenio g.,Naujamiesčio
Z. Sierakausko g.,Naujamiesčio
Žemaitės skv.,Naujamiesčio
Žemaitės g.,Naujamiesčio
A. Gustaičio g.,Naujininkų
A. Jaroševičiaus g.,Naujininkų
Adelės Dirsytės g.,Naujininkų
Adutiškio g.,Naujininkų
Aidukaičių g.,Naujininkų
Alberto Zalatoriaus g.,Naujininkų
Aleksandro Barausko g.,Naujininkų
Aleksandro Kuršaičio g.,Naujininkų
Aleksandro Vanago g.,Naujininkų
Algimanto Juozako g.,Naujininkų
Alytaus g.,Naujininkų
Alšėnų g.,Naujininkų
Antano Juškos g.,Naujininkų
Antano Mikėno g.,Naujininkų
Antano Musteikio g.,Naujininkų
Antano Salio g.,Naujininkų
Apso g.,Naujininkų
Asavos g.,Naujininkų
Augusto Šleicherio g.,Naujininkų
Avinėlių g.,Naujininkų
Baltosios Vokės g.,Naujininkų
Baltosios Vokės Sodų g.,Naujininkų
Barčių g.,Naujininkų
Bartų g.,Naujininkų
Barūnų g.,Naujininkų
Bernardo Brazdžionio g.,Naujininkų
Brolių g.,Naujininkų
Burbiškių g.,Naujininkų
Butkų Juzės g.,Naujininkų
Butrimonių g.,Naujininkų
Čigonų g.,Naujininkų
Danieliaus Kleino g.,Naujininkų
Dano Pozniako g.,Naujininkų
Darbininkų g.,Naujininkų
Dargiliškių g.,Naujininkų
Dariaus ir Girėno g.,Naujininkų
Daškūnų g.,Naujininkų
Daugų g.,Naujininkų
Dieveniškių g.,Naujininkų
Ditvos g.,Naujininkų
Drūkšių g.,Naujininkų
Dubičių g.,Naujininkų
Dusinėnų g.,Naujininkų
Dzūkų g.,Naujininkų
Eišiškių pl.,Naujininkų
Eišiškių Sodų 1-oji g.,Naujininkų
Eišiškių Sodų 10-oji g.,Naujininkų
Eišiškių Sodų 11-oji g.,Naujininkų
Eišiškių Sodų 12-oji g.,Naujininkų
Eišiškių Sodų 13-oji g.,Naujininkų
Eišiškių Sodų 14-oji g.,Naujininkų
Eišiškių Sodų 15-oji g.,Naujininkų
Eišiškių Sodų 16-oji g.,Naujininkų
Eišiškių Sodų 17-oji g.,Naujininkų
Eišiškių Sodų 18-oji g.,Naujininkų
Eišiškių Sodų 2-oji g.,Naujininkų
Eišiškių Sodų 3-ioji g.,Naujininkų
Eišiškių Sodų 4-oji g.,Naujininkų
Eišiškių Sodų 5-oji g.,Naujininkų
Eišiškių Sodų 6-oji g.,Naujininkų
Eišiškių Sodų 7-oji g.,Naujininkų
Eišiškių Sodų 8-oji g.,Naujininkų
Eišiškių Sodų 9-oji g.,Naujininkų
Fausto Kiršos g.,Naujininkų
Felikso Vaitkaus g.,Naujininkų
Gairinės g.,Naujininkų
Gamyklos g.,Naujininkų
Garvežių g.,Naujininkų
Geologų g.,Naujininkų
Geranainių g.,Naujininkų
Gervėbalės g.,Naujininkų
Gintaro Žagunio g.,Naujininkų
Griežlių g.,Naujininkų
Gudų g.,Naujininkų
Iešmininkų g.,Naujininkų
Igno Jonyno g.,Naujininkų
Ilgalaukio g.,Naujininkų
J. Bielinio g.,Naujininkų
Jašiūnų g.,Naujininkų
Javų g.,Naujininkų
Jono Aisčio g.,Naujininkų
Jono Jurkšto g.,Naujininkų
Jotvingių g.,Naujininkų
Juozapo Strumilos g.,Naujininkų
Juozo Maceikos g.,Naujininkų
Jurgio Dobkevičiaus g.,Naujininkų
Jurgio Kybarto g.,Naujininkų
Kalvelių g.,Naujininkų
Kalviškių g.,Naujininkų
Kaminkelio g.,Naujininkų
Kapsų g.,Naujininkų
Karaliaus Šulinio g.,Naujininkų
Katiliškių g.,Naujininkų
Katros g.,Naujininkų
Kelmijos g.,Naujininkų
Kelmijos Sodų 1-oji g.,Naujininkų
Kelmijos Sodų 10-oji g.,Naujininkų
Kelmijos Sodų 11-oji g.,Naujininkų
Kelmijos Sodų 12-oji g.,Naujininkų
Kelmijos Sodų 13-oji g.,Naujininkų
Kelmijos Sodų 14-oji g.,Naujininkų
Kelmijos Sodų 15-oji g.,Naujininkų
Kelmijos Sodų 16-oji g.,Naujininkų
Kelmijos Sodų 17-oji g.,Naujininkų
Kelmijos Sodų 18-oji g.,Naujininkų
Kelmijos Sodų 19-oji g.,Naujininkų
Kelmijos Sodų 2-oji g.,Naujininkų
Kelmijos Sodų 20-oji g.,Naujininkų
Kelmijos Sodų 21-oji g.,Naujininkų
Kelmijos Sodų 22-oji g.,Naujininkų
Kelmijos Sodų 23-ioji g.,Naujininkų
Kelmijos Sodų 24-oji g.,Naujininkų
Kelmijos Sodų 25-oji g.,Naujininkų
Kelmijos Sodų 26-oji g.,Naujininkų
Kelmijos Sodų 27-oji g.,Naujininkų
Kelmijos Sodų 28-oji g.,Naujininkų
Kelmijos Sodų 29-oji g.,Naujininkų
Kelmijos Sodų 3-ioji g.,Naujininkų
Kelmijos Sodų 30-oji g.,Naujininkų
Kelmijos Sodų 31-oji g.,Naujininkų
Kelmijos Sodų 32-oji g.,Naujininkų
Kelmijos Sodų 33-ioji g.,Naujininkų
Kelmijos Sodų 34-oji g.,Naujininkų
Kelmijos Sodų 35-oji g.,Naujininkų
Kelmijos Sodų 36-oji g.,Naujininkų
Kelmijos Sodų 37-oji g.,Naujininkų
Kelmijos Sodų 38-oji g.,Naujininkų
Kelmijos Sodų 39-oji g.,Naujininkų
Kelmijos Sodų 4-oji g.,Naujininkų
Kelmijos Sodų 40-oji g.,Naujininkų
Kelmijos Sodų 41-oji g.,Naujininkų
Kelmijos Sodų 42-oji g.,Naujininkų
Kelmijos Sodų 43-ioji g.,Naujininkų
Kelmijos Sodų 44-oji g.,Naujininkų
Kelmijos Sodų 45-oji g.,Naujininkų
Kelmijos Sodų 46-oji g.,Naujininkų
Kelmijos Sodų 47-oji g.,Naujininkų
Kelmijos Sodų 48-oji g.,Naujininkų
Kelmijos Sodų 49-oji g.,Naujininkų
Kelmijos Sodų 5-oji g.,Naujininkų
Kelmijos Sodų 50-oji g.,Naujininkų
Kelmijos Sodų 51-oji g.,Naujininkų
Kelmijos Sodų 52-oji g.,Naujininkų
Kelmijos Sodų 53-ioji g.,Naujininkų
Kelmijos Sodų 54-oji g.,Naujininkų
Kelmijos Sodų 55-oji g.,Naujininkų
Kelmijos Sodų 56-oji g.,Naujininkų
Kelmijos Sodų 57-oji g.,Naujininkų
Kelmijos Sodų 58-oji g.,Naujininkų
Kelmijos Sodų 59-oji g.,Naujininkų
Kelmijos Sodų 6-oji g.,Naujininkų
Kelmijos Sodų 60-oji g.,Naujininkų
Kelmijos Sodų 61-oji g.,Naujininkų
Kelmijos Sodų 62-oji g.,Naujininkų
Kelmijos Sodų 63-ioji g.,Naujininkų
Kelmijos Sodų 64-oji g.,Naujininkų
Kelmijos Sodų 65-oji g.,Naujininkų
Kelmijos Sodų 66-oji g.,Naujininkų
Kelmijos Sodų 67-oji g.,Naujininkų
Kelmijos Sodų 68-oji g.,Naujininkų
Kelmijos Sodų 69-oji g.,Naujininkų
Kelmijos Sodų 7-oji g.,Naujininkų
Kelmijos Sodų 70-oji g.,Naujininkų
Kelmijos Sodų 71-oji g.,Naujininkų
Kelmijos Sodų 72-oji g.,Naujininkų
Kelmijos Sodų 73-ioji g.,Naujininkų
Kelmijos Sodų 74-oji g.,Naujininkų
Kelmijos Sodų 75-oji g.,Naujininkų
Kelmijos Sodų 76-oji g.,Naujininkų
Kelmijos Sodų 77-oji g.,Naujininkų
Kelmijos Sodų 78-oji g.,Naujininkų
Kelmijos Sodų 79-oji g.,Naujininkų
Kelmijos Sodų 8-oji g.,Naujininkų
Kelmijos Sodų 80-oji g.,Naujininkų
Kelmijos Sodų 81-oji g.,Naujininkų
Kelmijos Sodų 82-oji g.,Naujininkų
Kelmijos Sodų 83-ioji g.,Naujininkų
Kelmijos Sodų 84-oji g.,Naujininkų
Kelmijos Sodų 85-oji g.,Naujininkų
Kelmijos Sodų 86-oji g.,Naujininkų
Kelmijos Sodų 9-oji g.,Naujininkų
Konduktorių g.,Naujininkų
Krakūnų g.,Naujininkų
Kuršių g.,Naujininkų
Kuzmiškių g.,Naujininkų
Lenkų g.,Naujininkų
Liepkalnio g.,Naujininkų
Mančiagirės g.,Naujininkų
Mechanikų g.,Naujininkų
Meistrų g.,Naujininkų
Melioratorių g.,Naujininkų
Merkinės g.,Naujininkų
Metalo g.,Naujininkų
Mindaugo Balavako g.,Naujininkų
Miškinių Sodų g.,Naujininkų
Miškinių Sodų 1-oji g.,Naujininkų
Miškinių Sodų 2-oji g.,Naujininkų
Molynės g.,Naujininkų
Motorų g.,Naujininkų
Naujininkų g.,Naujininkų
Navasiškių g.,Naujininkų
Nemėžėlės g.,Naujininkų
Oreivių g.,Naujininkų
Pabarės g.,Naujininkų
Pakupečių g.,Naujininkų
Palionių g.,Naujininkų
Panevėžio g.,Naujininkų
Pelesos g.,Naujininkų
Perlamo g.,Naujininkų
Perlojos g.,Naujininkų
Petro Joniko g.,Naujininkų
Pilikonių g.,Naujininkų
Pivašiūnų g.,Naujininkų
Povų g.,Naujininkų
Pranciškaus Žvirkos g.,Naujininkų
Prano Skardžiaus g.,Naujininkų
Prūsų g.,Naujininkų
Pumpurų g.,Naujininkų
Pupinės g.,Naujininkų
Pustabalių g.,Naujininkų
Raistelių g.,Naujininkų
Ričardo Rabavičiaus g.,Naujininkų
Riešutų g.,Naujininkų
Ringės g.,Naujininkų
Riovonių g.,Naujininkų
Rodūnios kelias,Naujininkų
Rodūnios Sodų 1-oji g.,Naujininkų
Rodūnios Sodų 10-oji g.,Naujininkų
Rodūnios Sodų 11-oji g.,Naujininkų
Rodūnios Sodų 12-oji g.,Naujininkų
Rodūnios Sodų 13-oji g.,Naujininkų
Rodūnios Sodų 14-oji g.,Naujininkų
Rodūnios Sodų 15-oji g.,Naujininkų
Rodūnios Sodų 16-oji g.,Naujininkų
Rodūnios Sodų 17-oji g.,Naujininkų
Rodūnios Sodų 18-oji g.,Naujininkų
Rodūnios Sodų 19-oji g.,Naujininkų
Rodūnios Sodų 2-oji g.,Naujininkų
Rodūnios Sodų 20-oji g.,Naujininkų
Rodūnios Sodų 21-oji g.,Naujininkų
Rodūnios Sodų 22-oji g.,Naujininkų
Rodūnios Sodų 23-ioji g.,Naujininkų
Rodūnios Sodų 24-oji g.,Naujininkų
Rodūnios Sodų 3-ioji g.,Naujininkų
Rodūnios Sodų 4-oji g.,Naujininkų
Rodūnios Sodų 5-oji g.,Naujininkų
Rodūnios Sodų 6-oji g.,Naujininkų
Rodūnios Sodų 7-oji g.,Naujininkų
Rodūnios Sodų 8-oji g.,Naujininkų
Rodūnios Sodų 9-oji g.,Naujininkų
Rudaminos g.,Naujininkų
Sakalaičių g.,Naujininkų
Sakalaičių Sodų 1-oji g.,Naujininkų
Sakalaičių Sodų 10-oji g.,Naujininkų
Sakalaičių Sodų 11-oji g.,Naujininkų
Sakalaičių Sodų 12-oji g.,Naujininkų
Sakalaičių Sodų 2-oji g.,Naujininkų
Sakalaičių Sodų 3-ioji g.,Naujininkų
Sakalaičių Sodų 4-oji g.,Naujininkų
Sakalaičių Sodų 5-oji g.,Naujininkų
Sakalaičių Sodų 6-oji g.,Naujininkų
Sakalaičių Sodų 7-oji g.,Naujininkų
Sakalaičių Sodų 8-oji g.,Naujininkų
Sakalaičių Sodų 9-oji g.,Naujininkų
Salininkų g.,Naujininkų
Salininkų Sodų 1-oji g.,Naujininkų
Salininkų Sodų 10-oji g.,Naujininkų
Salininkų Sodų 11-oji g.,Naujininkų
Salininkų Sodų 12-oji g.,Naujininkų
Salininkų Sodų 14-oji g.,Naujininkų
Salininkų Sodų 15-oji g.,Naujininkų
Salininkų Sodų 16-oji g.,Naujininkų
Salininkų Sodų 17-oji g.,Naujininkų
Salininkų Sodų 2-oji g.,Naujininkų
Salininkų Sodų 3-ioji g.,Naujininkų
Salininkų Sodų 4-oji g.,Naujininkų
Salininkų Sodų 5-oji g.,Naujininkų
Salininkų Sodų 6-oji g.,Naujininkų
Salininkų Sodų 7-oji g.,Naujininkų
Salininkų Sodų 8-oji g.,Naujininkų
Salininkų Sodų 9-oji g.,Naujininkų
Sartų g.,Naujininkų
Sebastijoniškių g.,Naujininkų
Skaisteros g.,Naujininkų
Sniego g.,Naujininkų
Sparno g.,Naujininkų
Spenglos g.,Naujininkų
Stanislovo Orlavičiaus g.,Naujininkų
Stasio Samalavičiaus g.,Naujininkų
Šalčininkų g.,Naujininkų
Šalčios g.,Naujininkų
Šaltkalvių g.,Naujininkų
Šumsko g.,Naujininkų
Tabariškių g.,Naujininkų
Tarpkalnio g.,Naujininkų
Telšių g.,Naujininkų
Tyzenhauzų g.,Naujininkų
Trobų g.,Naujininkų
Tunelio g.,Naujininkų
Upelio g.,Naujininkų
Užusienio g.,Naujininkų
Vaikų g.,Naujininkų
Vaivorykštės g.,Naujininkų
Valakų g.,Naujininkų
Varėnos g.,Naujininkų
Versekos g.,Naujininkų
Vikingų g.,Naujininkų
Visinčios g.,Naujininkų
Vyšnių g.,Naujininkų
Vladimiro Toporovo g.,Naujininkų
Zanavykų g.,Naujininkų
Zervynų g.,Naujininkų
Zigmo Gėlės g.,Naujininkų
Zuikių g.,Naujininkų
Žadiškių g.,Naujininkų
Žaliojo Kelio 1-oji g.,Naujininkų
Žaliojo Kelio 2-oji g.,Naujininkų
Žirnių g.,Naujininkų
Žiūrų g.,Naujininkų
Žižmos g.,Naujininkų
A. Kojelavičiaus g.,Naujosios Vilnios
A. Kulviečio g.,Naujosios Vilnios
A. Liobytės g.,Naujosios Vilnios
A. Paškevič-Ciotkos g.,Naujosios Vilnios
A. Voldemaro g.,Naujosios Vilnios
Adolfo Baliūno g.,Naujosios Vilnios
Airių g.,Naujosios Vilnios
Akacijų g.,Naujosios Vilnios
Alfonso Petrulio g.,Naujosios Vilnios
Anglų g.,Naujosios Vilnios
Antano Maceinos g.,Naujosios Vilnios
Arimų g.,Naujosios Vilnios
Arimų Sodų g.,Naujosios Vilnios
Arimų Sodų 1-oji g.,Naujosios Vilnios
Arimų Sodų 10-oji g.,Naujosios Vilnios
Arimų Sodų 11-oji g.,Naujosios Vilnios
Arimų Sodų 2-oji g.,Naujosios Vilnios
Arimų Sodų 3-ioji g.,Naujosios Vilnios
Arimų Sodų 4-oji g.,Naujosios Vilnios
Arimų Sodų 5-oji g.,Naujosios Vilnios
Arimų Sodų 6-oji g.,Naujosios Vilnios
Arimų Sodų 7-oji g.,Naujosios Vilnios
Arimų Sodų 8-oji g.,Naujosios Vilnios
Arimų Sodų 9-oji g.,Naujosios Vilnios
Astravo g.,Naujosios Vilnios
Ašmenėlės g.,Naujosios Vilnios
Ateities Sodų 1-oji g.,Naujosios Vilnios
Ateities Sodų 2-oji g.,Naujosios Vilnios
Ateities Sodų 3-ioji g.,Naujosios Vilnios
Ateities Sodų 4-oji g.,Naujosios Vilnios
Audronės g.,Naujosios Vilnios
Austrų g.,Naujosios Vilnios
B. Laurinavičiaus g.,Naujosios Vilnios
Bagušių g.,Naujosios Vilnios
Bajoriūnų g.,Naujosios Vilnios
Baniškių g.,Naujosios Vilnios
Baskų g.,Naujosios Vilnios
Bedugnės g.,Naujosios Vilnios
Belgų g.,Naujosios Vilnios
Belmonto g.,Naujosios Vilnios
Benekainių g.,Naujosios Vilnios
Bičių g.,Naujosios Vilnios
Biržiškų g.,Naujosios Vilnios
Briedžių g.,Naujosios Vilnios
Brolių Mozerių g.,Naujosios Vilnios
Broniaus Grigo g.,Naujosios Vilnios
Broniaus Kazio Balučio g.,Naujosios Vilnios
Bulgarų g.,Naujosios Vilnios
Čekėnų g.,Naujosios Vilnios
Čekų g.,Naujosios Vilnios
Čepkelių g.,Naujosios Vilnios
Čiobrelių g.,Naujosios Vilnios
D. Malinausko g.,Naujosios Vilnios
Danų g.,Naujosios Vilnios
Darželio g.,Naujosios Vilnios
Daubėnų g.,Naujosios Vilnios
Daulių g.,Naujosios Vilnios
Degutiškių g.,Naujosios Vilnios
Dilgynės g.,Naujosios Vilnios
Draugystės g.,Naujosios Vilnios
Dukelių g.,Naujosios Vilnios
Dūmų g.,Naujosios Vilnios
Džiaugsmo g.,Naujosios Vilnios
Eglinės Sodų g.,Naujosios Vilnios
Eglinės Sodų 1-oji g.,Naujosios Vilnios
Eglinės Sodų 10-oji g.,Naujosios Vilnios
Eglinės Sodų 2-oji g.,Naujosios Vilnios
Eglinės Sodų 3-ioji g.,Naujosios Vilnios
Eglinės Sodų 4-oji g.,Naujosios Vilnios
Eglinės Sodų 5-oji g.,Naujosios Vilnios
Eglinės Sodų 6-oji g.,Naujosios Vilnios
Eglinės Sodų 7-oji g.,Naujosios Vilnios
Eglinės Sodų 8-oji g.,Naujosios Vilnios
Eglinės Sodų 9-oji g.,Naujosios Vilnios
Eišiškių Sodų 8-oji g.,Naujosios Vilnios
Estų g.,Naujosios Vilnios
Felicijos Bortkevičienės g.,Naujosios Vilnios
Flamandų g.,Naujosios Vilnios
G. Žemkalnio g.,Naujosios Vilnios
Galindų g.,Naujosios Vilnios
Galinės g.,Naujosios Vilnios
Gamtos g.,Naujosios Vilnios
Gandrų g.,Naujosios Vilnios
Garsioji g.,Naujosios Vilnios
Genių g.,Naujosios Vilnios
Germanų g.,Naujosios Vilnios
Gerovės g.,Naujosios Vilnios
Gerviškių g.,Naujosios Vilnios
Gluosnių g.,Naujosios Vilnios
Graikų g.,Naujosios Vilnios
Graužados g.,Naujosios Vilnios
Grigaičių g.,Naujosios Vilnios
Grikių g.,Naujosios Vilnios
Grūdų g.,Naujosios Vilnios
Grūdų Sodų g.,Naujosios Vilnios
Grūdų Sodų 1-oji g.,Naujosios Vilnios
Grūdų Sodų 10-oji g.,Naujosios Vilnios
Grūdų Sodų 12-oji g.,Naujosios Vilnios
Grūdų Sodų 14-oji g.,Naujosios Vilnios
Grūdų Sodų 2-oji g.,Naujosios Vilnios
Grūdų Sodų 3-ioji g.,Naujosios Vilnios
Grūdų Sodų 4-oji g.,Naujosios Vilnios
Grūdų Sodų 6-oji g.,Naujosios Vilnios
Grūdų Sodų 8-oji g.,Naujosios Vilnios
Gurių g.,Naujosios Vilnios
Gurių Sodų g.,Naujosios Vilnios
Gurių Sodų 1-oji g.,Naujosios Vilnios
Gurių Sodų 10-oji g.,Naujosios Vilnios
Gurių Sodų 11-oji g.,Naujosios Vilnios
Gurių Sodų 12-oji g.,Naujosios Vilnios
Gurių Sodų 13-oji g.,Naujosios Vilnios
Gurių Sodų 14-oji g.,Naujosios Vilnios
Gurių Sodų 15-oji g.,Naujosios Vilnios
Gurių Sodų 16-oji g.,Naujosios Vilnios
Gurių Sodų 17-oji g.,Naujosios Vilnios
Gurių Sodų 18-oji g.,Naujosios Vilnios
Gurių Sodų 19-oji g.,Naujosios Vilnios
Gurių Sodų 2-oji g.,Naujosios Vilnios
Gurių Sodų 20-oji g.,Naujosios Vilnios
Gurių Sodų 21-oji g.,Naujosios Vilnios
Gurių Sodų 22-oji g.,Naujosios Vilnios
Gurių Sodų 23-ioji g.,Naujosios Vilnios
Gurių Sodų 24-oji g.,Naujosios Vilnios
Gurių Sodų 25-oji g.,Naujosios Vilnios
Gurių Sodų 26-oji g.,Naujosios Vilnios
Gurių Sodų 27-oji g.,Naujosios Vilnios
Gurių Sodų 28-oji g.,Naujosios Vilnios
Gurių Sodų 29-oji g.,Naujosios Vilnios
Gurių Sodų 3-ioji g.,Naujosios Vilnios
Gurių Sodų 30-oji g.,Naujosios Vilnios
Gurių Sodų 31-oji g.,Naujosios Vilnios
Gurių Sodų 32-oji g.,Naujosios Vilnios
Gurių Sodų 33-ioji g.,Naujosios Vilnios
Gurių Sodų 4-oji g.,Naujosios Vilnios
Gurių Sodų 5-oji g.,Naujosios Vilnios
Gurių Sodų 6-oji g.,Naujosios Vilnios
Gurių Sodų 7-oji g.,Naujosios Vilnios
Gurių Sodų 8-oji g.,Naujosios Vilnios
Gurių Sodų 9-oji g.,Naujosios Vilnios
Ievų g.,Naujosios Vilnios
Ispanų g.,Naujosios Vilnios
Italų g.,Naujosios Vilnios
Ivaniškių Sodų g.,Naujosios Vilnios
Ivaniškių Sodų 1-oji g.,Naujosios Vilnios
Ivaniškių Sodų 2-oji g.,Naujosios Vilnios
Ivaniškių Sodų 3-ioji g.,Naujosios Vilnios
Ivaniškių Sodų 4-oji g.,Naujosios Vilnios
Ivaniškių Sodų 5-oji g.,Naujosios Vilnios
J. Kėkšto g.,Naujosios Vilnios
J. Kolaso g.,Naujosios Vilnios
J. Kupalos g.,Naujosios Vilnios
J. Slovackio g.,Naujosios Vilnios
Jadvygos Čiurlionytės g.,Naujosios Vilnios
Jadvygos Juškytės g.,Naujosios Vilnios
Jakštonių g.,Naujosios Vilnios
Jazminų g.,Naujosios Vilnios
Jeronimo Cicėno g.,Naujosios Vilnios
Jokūbo Šerno g.,Naujosios Vilnios
Jono Smilgevičiaus g.,Naujosios Vilnios
Jono Šliūpo g.,Naujosios Vilnios
Jono Vailokaičio g.,Naujosios Vilnios
Juodasis kelias,Naujosios Vilnios
Juodupio g.,Naujosios Vilnios
Juozo Ereto g.,Naujosios Vilnios
Juozo Tūbelio g.,Naujosios Vilnios
Juozo Urbšio g.,Naujosios Vilnios
Jūrotiškių g.,Naujosios Vilnios
Justino Staugaičio g.,Naujosios Vilnios
K. Čibiro g.,Naujosios Vilnios
K. Jakubėno g.,Naujosios Vilnios
K. Stašio g.,Naujosios Vilnios
Kalnėnų g.,Naujosios Vilnios
Kalno g.,Naujosios Vilnios
Kampo g.,Naujosios Vilnios
Kaniaviškių g.,Naujosios Vilnios
Karelų g.,Naujosios Vilnios
Karklėnų g.,Naujosios Vilnios
Karklų g.,Naujosios Vilnios
Katkų g.,Naujosios Vilnios
Kazio Bizausko g.,Naujosios Vilnios
Keltų g.,Naujosios Vilnios
Kijevo g.,Naujosios Vilnios
Kiminų g.,Naujosios Vilnios
Kirtavietės g.,Naujosios Vilnios
Kišiniovo g.,Naujosios Vilnios
Kyvės g.,Naujosios Vilnios
Klonių g.,Naujosios Vilnios
Kroatų g.,Naujosios Vilnios
Kučkuriškių g.,Naujosios Vilnios
Kuodiškių g.,Naujosios Vilnios
Kurapkų g.,Naujosios Vilnios
Lazūnų g.,Naujosios Vilnios
Leonardo Palevičiaus g.,Naujosios Vilnios
Levidonių g.,Naujosios Vilnios
Liepto g.,Naujosios Vilnios
Linksmoji g.,Naujosios Vilnios
Linų g.,Naujosios Vilnios
Lipniškių g.,Naujosios Vilnios
Liškiavos g.,Naujosios Vilnios
Lyvių g.,Naujosios Vilnios
Lukšinės g.,Naujosios Vilnios
M. Balinskio g.,Naujosios Vilnios
M. Davainio-Silvestraičio g.,Naujosios Vilnios
M. Šikšnio g.,Naujosios Vilnios
Maltiečių g.,Naujosios Vilnios
Martyno Yčo g.,Naujosios Vilnios
Mečislovo Reinio g.,Naujosios Vilnios
Medaus g.,Naujosios Vilnios
Medonešio g.,Naujosios Vilnios
Meškonių g.,Naujosios Vilnios
Mickūnų g.,Naujosios Vilnios
Migūnų g.,Naujosios Vilnios
Mykolo Krupavičiaus g.,Naujosios Vilnios
Mindaugo Tomonio g.,Naujosios Vilnios
Minsko pl.,Naujosios Vilnios
Mirtų g.,Naujosios Vilnios
Moldovos g.,Naujosios Vilnios
Mūrinė g.,Naujosios Vilnios
Nasturtų g.,Naujosios Vilnios
Naujoji g.,Naujosios Vilnios
Nendrių g.,Naujosios Vilnios
Norberto Vėliaus g.,Naujosios Vilnios
Norvegų g.,Naujosios Vilnios
P. B. Šivickio g.,Naujosios Vilnios
P. Žižmaro g.,Naujosios Vilnios
Paeglinės g.,Naujosios Vilnios
Paeglinės Sodų 1-oji g.,Naujosios Vilnios
Paeglinės Sodų 10-oji g.,Naujosios Vilnios
Paeglinės Sodų 2-oji g.,Naujosios Vilnios
Paeglinės Sodų 3-ioji g.,Naujosios Vilnios
Paeglinės Sodų 4-oji g.,Naujosios Vilnios
Paeglinės Sodų 5-oji g.,Naujosios Vilnios
Paeglinės Sodų 6-oji g.,Naujosios Vilnios
Paeglinės Sodų 7-oji g.,Naujosios Vilnios
Paeglinės Sodų 8-oji g.,Naujosios Vilnios
Paeglinės Sodų 9-oji g.,Naujosios Vilnios
Palaukės g.,Naujosios Vilnios
Palydovo g.,Naujosios Vilnios
Pamiškio g.,Naujosios Vilnios
Paparčių g.,Naujosios Vilnios
Parko g.,Naujosios Vilnios
Pavėsio g.,Naujosios Vilnios
Pavilnio g.,Naujosios Vilnios
Pavilnio Sodų 1-oji g.,Naujosios Vilnios
Pavilnio Sodų 10-oji g.,Naujosios Vilnios
Pavilnio Sodų 11-oji g.,Naujosios Vilnios
Pavilnio Sodų 12-oji g.,Naujosios Vilnios
Pavilnio Sodų 13-oji g.,Naujosios Vilnios
Pavilnio Sodų 14-oji g.,Naujosios Vilnios
Pavilnio Sodų 15-oji g.,Naujosios Vilnios
Pavilnio Sodų 16-oji g.,Naujosios Vilnios
Pavilnio Sodų 17-oji g.,Naujosios Vilnios
Pavilnio Sodų 18-oji g.,Naujosios Vilnios
Pavilnio Sodų 19-oji g.,Naujosios Vilnios
Pavilnio Sodų 2-oji g.,Naujosios Vilnios
Pavilnio Sodų 20-oji g.,Naujosios Vilnios
Pavilnio Sodų 21-oji g.,Naujosios Vilnios
Pavilnio Sodų 22-oji g.,Naujosios Vilnios
Pavilnio Sodų 3-ioji g.,Naujosios Vilnios
Pavilnio Sodų 4-oji g.,Naujosios Vilnios
Pavilnio Sodų 5-oji g.,Naujosios Vilnios
Pavilnio Sodų 6-oji g.,Naujosios Vilnios
Pavilnio Sodų 7-oji g.,Naujosios Vilnios
Pavilnio Sodų 8-oji g.,Naujosios Vilnios
Pavilnio Sodų 9-oji g.,Naujosios Vilnios
Pempių g.,Naujosios Vilnios
Pempių Sodų g.,Naujosios Vilnios
Pempių Sodų 1-oji g.,Naujosios Vilnios
Pempių Sodų 2-oji g.,Naujosios Vilnios
Pempių Sodų 3-ioji g.,Naujosios Vilnios
Pergalės g.,Naujosios Vilnios
Petro Babickio g.,Naujosios Vilnios
Petro Leono g.,Naujosios Vilnios
Plynės g.,Naujosios Vilnios
Plytų g.,Naujosios Vilnios
Portugalų g.,Naujosios Vilnios
Povilo Plechavičiaus g.,Naujosios Vilnios
Pramonės g.,Naujosios Vilnios
Prancūzų g.,Naujosios Vilnios
Prano Dovydaičio g.,Naujosios Vilnios
Priekalo g.,Naujosios Vilnios
Pūčkorių g.,Naujosios Vilnios
Punios g.,Naujosios Vilnios
R. Mackonio g.,Naujosios Vilnios
Raigardo g.,Naujosios Vilnios
Rakonių g.,Naujosios Vilnios
Retkonių g.,Naujosios Vilnios
Riešutynės g.,Naujosios Vilnios
Rimdžiūnų g.,Naujosios Vilnios
Rytų g.,Naujosios Vilnios
Rokantiškių g.,Naujosios Vilnios
Rokantos g.,Naujosios Vilnios
Rugiagėlių g.,Naujosios Vilnios
Rukainių g.,Naujosios Vilnios
Rumunų g.,Naujosios Vilnios
S. Raštikio g.,Naujosios Vilnios
Saliamono Banaičio g.,Naujosios Vilnios
Samalaukės g.,Naujosios Vilnios
Samių g.,Naujosios Vilnios
Saulenių g.,Naujosios Vilnios
Savičiūnų g.,Naujosios Vilnios
Skaidiškių g.,Naujosios Vilnios
Skardžio g.,Naujosios Vilnios
Skydo g.,Naujosios Vilnios
Slovėnų g.,Naujosios Vilnios
Smurgainių g.,Naujosios Vilnios
Sodelių g.,Naujosios Vilnios
Sodžiaus g.,Naujosios Vilnios
Stanislovo Narutavičiaus g.,Naujosios Vilnios
Stasio Antano Bačkio g.,Naujosios Vilnios
Stasio Lozoraičio g.,Naujosios Vilnios
Stasio Šalkausko g.,Naujosios Vilnios
Stasio Šilingo g.,Naujosios Vilnios
Stepono Batoro g.,Naujosios Vilnios
Strielčiukų g.,Naujosios Vilnios
Suomių g.,Naujosios Vilnios
Svajos g.,Naujosios Vilnios
Svyrių g.,Naujosios Vilnios
Šalavijų g.,Naujosios Vilnios
Šatrininkų g.,Naujosios Vilnios
Šiaurės g.,Naujosios Vilnios
Šiaurės Sodų 1-oji g.,Naujosios Vilnios
Šiaurės Sodų 2-oji g.,Naujosios Vilnios
Šiaurės Sodų 3-ioji g.,Naujosios Vilnios
Šiaurės Sodų 4-oji g.,Naujosios Vilnios
Šiaurės Sodų 5-oji g.,Naujosios Vilnios
Šiaurės Sodų 6-oji g.,Naujosios Vilnios
Šiaurės Sodų 7-oji g.,Naujosios Vilnios
Šiaurės Sodų 8-oji g.,Naujosios Vilnios
Širšių g.,Naujosios Vilnios
Škotų g.,Naujosios Vilnios
Švarioji g.,Naujosios Vilnios
Švedų g.,Naujosios Vilnios
Šveicarų g.,Naujosios Vilnios
Švendubrės g.,Naujosios Vilnios
Taboro g.,Naujosios Vilnios
Tako g.,Naujosios Vilnios
Taugotiškių g.,Naujosios Vilnios
Tolimoji g.,Naujosios Vilnios
Tolimosios Sodų g.,Naujosios Vilnios
Tolimosios Sodų 1-oji g.,Naujosios Vilnios
Tolimosios Sodų 2-oji g.,Naujosios Vilnios
Tolimosios Sodų 3-ioji g.,Naujosios Vilnios
Tolimosios Sodų 4-oji g.,Naujosios Vilnios
Topolių g.,Naujosios Vilnios
Tremtinių g.,Naujosios Vilnios
Tulpių g.,Naujosios Vilnios
Tuputiškių g.,Naujosios Vilnios
Turmanto g.,Naujosios Vilnios
Ukrainiečių g.,Naujosios Vilnios
Ūlos g.,Naujosios Vilnios
Untulių g.,Naujosios Vilnios
Uosių g.,Naujosios Vilnios
Uosių Sodų g.,Naujosios Vilnios
Uosių Sodų 1-oji g.,Naujosios Vilnios
Uosių Sodų 10-oji g.,Naujosios Vilnios
Uosių Sodų 11-oji g.,Naujosios Vilnios
Uosių Sodų 12-oji g.,Naujosios Vilnios
Uosių Sodų 13-oji g.,Naujosios Vilnios
Uosių Sodų 14-oji g.,Naujosios Vilnios
Uosių Sodų 15-oji g.,Naujosios Vilnios
Uosių Sodų 16-oji g.,Naujosios Vilnios
Uosių Sodų 17-oji g.,Naujosios Vilnios
Uosių Sodų 18-oji g.,Naujosios Vilnios
Uosių Sodų 19-oji g.,Naujosios Vilnios
Uosių Sodų 2-oji g.,Naujosios Vilnios
Uosių Sodų 20-oji g.,Naujosios Vilnios
Uosių Sodų 21-oji g.,Naujosios Vilnios
Uosių Sodų 22-oji g.,Naujosios Vilnios
Uosių Sodų 23-ioji g.,Naujosios Vilnios
Uosių Sodų 24-oji g.,Naujosios Vilnios
Uosių Sodų 25-oji g.,Naujosios Vilnios
Uosių Sodų 26-oji g.,Naujosios Vilnios
Uosių Sodų 27-oji g.,Naujosios Vilnios
Uosių Sodų 28-oji g.,Naujosios Vilnios
Uosių Sodų 29-oji g.,Naujosios Vilnios
Uosių Sodų 3-ioji g.,Naujosios Vilnios
Uosių Sodų 4-oji g.,Naujosios Vilnios
Uosių Sodų 5-oji g.,Naujosios Vilnios
Uosių Sodų 6-oji g.,Naujosios Vilnios
Uosių Sodų 7-oji g.,Naujosios Vilnios
Uosių Sodų 8-oji g.,Naujosios Vilnios
Uosių Sodų 9-oji g.,Naujosios Vilnios
Užkiemio g.,Naujosios Vilnios
Užtvankos g.,Naujosios Vilnios
V. Sirokomlės g.,Naujosios Vilnios
V. Žilėno g.,Naujosios Vilnios
Vaisių g.,Naujosios Vilnios
Vaismedžių g.,Naujosios Vilnios
Vaivos g.,Naujosios Vilnios
Valdemaro Čarneckio g.,Naujosios Vilnios
Valonų g.,Naujosios Vilnios
Vandens g.,Naujosios Vilnios
Varnionių g.,Naujosios Vilnios
Vengrų g.,Naujosios Vilnios
Verbų g.,Naujosios Vilnios
Verbų skg.,Naujosios Vilnios
Versmių g.,Naujosios Vilnios
Viršupio g.,Naujosios Vilnios
Vlado Jurgučio g.,Naujosios Vilnios
Vlado Mirono g.,Naujosios Vilnios
Vlado Stašinsko g.,Naujosios Vilnios
Zavadskių g.,Naujosios Vilnios
Zofijos Gulevič g.,Naujosios Vilnios
Žaliakalnio g.,Naujosios Vilnios
Žaliakalnio Sodų 1-oji g.,Naujosios Vilnios
Žaliakalnio Sodų 2-oji g.,Naujosios Vilnios
Žemoji g.,Naujosios Vilnios
Žiedų g.,Naujosios Vilnios
Žilvičių g.,Naujosios Vilnios
Žodiškių g.,Naujosios Vilnios
Žvirblių g.,Naujosios Vilnios
Abromiškių g.,Panerių
Adolfo Jucio g.,Panerių
Agrastų g.,Panerių
Akmenės g.,Panerių
Alantos g.,Panerių
Aldonos Makūnaitės g.,Panerių
Aleksandro Jurašaičio g.,Panerių
Aleksandro Strauso g.,Panerių
Alksnyno g.,Panerių
Antano Gudaičio g.,Panerių
Apuokų g.,Panerių
Artojų g.,Panerių
Atokaitos g.,Panerių
Avilių g.,Panerių
Bališkių g.,Panerių
Baltosios Vokės g.,Panerių
Baltosios Vokės Sodų g.,Panerių
Baravykų g.,Panerių
Barkiškių g.,Panerių
Bičiulių g.,Panerių
Bražuolės g.,Panerių
Daniliškių g.,Panerių
Daubiškių g.,Panerių
Dedeliškių g.,Panerių
Degučių g.,Panerių
Diemedžio g.,Panerių
Dobrovolės g.,Panerių
Domicelės Tarabildienės g.,Panerių
Drevininkų g.,Panerių
Dubelės g.,Panerių
Dubliškių g.,Panerių
Dusmenų g.,Panerių
E. Pliaterytės g.,Panerių
Eduardo Andrė g.,Panerių
Eglyno g.,Panerių
Eišiškių pl.,Panerių
Elvyro Andriolio g.,Panerių
Ežių g.,Panerių
Fabriko g.,Panerių
Fermentų g.,Panerių
Gaidžiabūdės g.,Panerių
Galvės g.,Panerių
Galvės 1-oji g.,Panerių
Galvės 2-oji g.,Panerių
Gariūnų g.,Panerių
Gariūnų aklg.,Panerių
Gerosios Valios g.,Panerių
Girių g.,Panerių
Granito g.,Panerių
Grinės g.,Panerių
Gunkliškių g.,Panerių
Guobų g.,Panerių
Gurelių g.,Panerių
I. Masalskio g.,Panerių
Ižos g.,Panerių
J. Tiškevičiaus g.,Panerių
Jaunystės g.,Panerių
Jočionių g.,Panerių
Jogėliškių g.,Panerių
Jono Kristupo Damelio g.,Panerių
Jono Rustemo g.,Panerių
Jono Švažo g.,Panerių
Juditos Vaičiūnaitės g.,Panerių
Juliaus Janonio g.,Panerių
Juliškių g.,Panerių
Juodšilių g.,Panerių
Juozapo Čechavičiaus g.,Panerių
Kadugių g.,Panerių
Kaimynų g.,Panerių
Kazbėjų g.,Panerių
Kazimiero Jokanto g.,Panerių
Kiaunių g.,Panerių
Kibirkšties g.,Panerių
Kiemeliškių g.,Panerių
Kirtimų g.,Panerių
Konstantino Ostrogiškio g.,Panerių
Kopūstėlių g.,Panerių
Kovarniškių g.,Panerių
Krautuvių g.,Panerių
Kunigiškių g.,Panerių
Kuro g.,Panerių
L. Ivinskio g.,Panerių
Laukymės g.,Panerių
Leipalingio g.,Panerių
Lelijų g.,Panerių
Lentvario g.,Panerių
Liepų al.,Panerių
Lygainių g.,Panerių
Liudvinavo g.,Panerių
Logistikos g.,Panerių
Lukos g.,Panerių
Maceliškių g.,Panerių
Mačiuliškių g.,Panerių
Maksimiškių g.,Panerių
Mardasavo g.,Panerių
Margirio g.,Panerių
Matiškių g.,Panerių
Medkirčių g.,Panerių
Metelių g.,Panerių
Metropolio g.,Panerių
Mykolės Krinickaitės g.,Panerių
Miško g.,Panerių
Moksleivių g.,Panerių
Motiejaus Butrimavičiaus g.,Panerių
Mūrinės Vokės g.,Panerių
Naujasodžio g.,Panerių
Neskučių g.,Panerių
Ožiakalnio g.,Panerių
Pagirio g.,Panerių
Pagojuko g.,Panerių
Paneriškių g.,Panerių
Pašto g.,Panerių
Petešos g.,Panerių
Pietinė g.,Panerių
Pilialaukio g.,Panerių
Pilypinės g.,Panerių
Pirklių g.,Panerių
Plaknos g.,Panerių
Plikakalnio g.,Panerių
Plomėnų g.,Panerių
Pranapolio g.,Panerių
Prūdiškių g.,Panerių
Račkūnų g.,Panerių
Raipolio g.,Panerių
Raistelių g.,Panerių
Ražienų g.,Panerių
Rėvos g.,Panerių
Rėžių g.,Panerių
Saidžiukų g.,Panerių
Sakų g.,Panerių
Salpos g.,Panerių
Sandėlių g.,Panerių
Sangrūdos g.,Panerių
Savanorių pr.,Panerių
Senasis Gardino pl.,Panerių
Serapiniškių g.,Panerių
Sirpučių g.,Panerių
Skynimų g.,Panerių
Skirpstų g.,Panerių
Skurbutėnų g.,Panerių
Speigo g.,Panerių
Stanislovo Flerio g.,Panerių
Stasylų g.,Panerių
Stasio Krasausko g.,Panerių
Stasio Ušinsko g.,Panerių
Strazdų g.,Panerių
Svyronės g.,Panerių
Šalnaitės g.,Panerių
Šarkytės g.,Panerių
Šernų g.,Panerių
Šešėlių g.,Panerių
T. Zano g.,Panerių
Tarnėnų g.,Panerių
Terminalo g.,Panerių
Tylioji g.,Panerių
Titnago g.,Panerių
Trampolio g.,Panerių
Trivyžos g.,Panerių
Trumpoji g.,Panerių
Urėdų g.,Panerių
Užilgių g.,Panerių
V. A. Graičiūno g.,Panerių
Vaduvos g.,Panerių
Vaidagų g.,Panerių
Vaidotų g.,Panerių
Valkų g.,Panerių
Vanagiškių g.,Panerių
Varnikėlių g.,Panerių
Vasarotojų g.,Panerių
Veisiejų g.,Panerių
Vėjo g.,Panerių
Vėsos g.,Panerių
Vilijos g.,Panerių
Vilkiškės g.,Panerių
Vinkšnų g.,Panerių
Voverių g.,Panerių
Zigmantiškių g.,Panerių
Zubiškių g.,Panerių
Zuikių g.,Panerių
Žalioji a.,Panerių
Žarijų g.,Panerių
Antežerių g.,Pašilaičių
Augustų g.,Pašilaičių
Avižienių g.,Pašilaičių
Baluosių g.,Pašilaičių
Bendorių g.,Pašilaičių
Benykštaičių g.,Pašilaičių
Bieliūnų g.,Pašilaičių
Budiniškių g.,Pašilaičių
Čikagos al.,Pašilaičių
Čimbariškių g.,Pašilaičių
Dagiliškių g.,Pašilaičių
Dociškių g.,Pašilaičių
Duisburgo g.,Pašilaičių
Edinburgo g.,Pašilaičių
Eitminų g.,Pašilaičių
Fridricho Gedkanto g.,Pašilaičių
Gabijos g.,Pašilaičių
Gailašių g.,Pašilaičių
Gegliškių g.,Pašilaičių
Gileikių g.,Pašilaičių
Gineitiškių g.,Pašilaičių
Girulių g.,Pašilaičių
Graužupių g.,Pašilaičių
Grigalaukio g.,Pašilaičių
Grikienių g.,Pašilaičių
Jono Glaubico g.,Pašilaičių
Juodelių g.,Pašilaičių
Juozo Kamarausko g.,Pašilaičių
Jurgio Baltrušaičio g.,Pašilaičių
Justiniškių g.,Pašilaičių
Karališkių g.,Pašilaičių
Kelmiškių g.,Pašilaičių
Kelpių g.,Pašilaičių
Laidagalvių g.,Pašilaičių
Laisvės pr.,Pašilaičių
Lazdakiemio g.,Pašilaičių
Leičių g.,Pašilaičių
Masionių g.,Pašilaičių
Medeinos g.,Pašilaičių
Mykolo Šulco g.,Pašilaičių
Pagrandos g.,Pašilaičių
Pašilaičių g.,Pašilaičių
Pavilnionių g.,Pašilaičių
Perkūnkiemio g.,Pašilaičių
Pikutiškių g.,Pašilaičių
Pumpėnų g.,Pašilaičių
Pušaloto g.,Pašilaičių
Putiniškių g.,Pašilaičių
Raisteniškių g.,Pašilaičių
Raudonbalės g.,Pašilaičių
Ryliškių g.,Pašilaičių
S. Lasavicko g.,Pašilaičių
Sviliškių g.,Pašilaičių
Tarandės g.,Pašilaičių
Tauliškių g.,Pašilaičių
Tekliūnų g.,Pašilaičių
Tomo Žebrausko g.,Pašilaičių
Ukmergės g.,Pašilaičių
Užubalių g.,Pašilaičių
V. Smakausko g.,Pašilaičių
Vaivadiškių g.,Pašilaičių
Vakarinė g.,Pašilaičių
Vidautiškių g.,Pašilaičių
Vincento Gorskio g.,Pašilaičių
Virbeliškių g.,Pašilaičių
Zalcburgo al.,Pašilaičių
Žalesos g.,Pašilaičių
Žemynos g.,Pašilaičių
Žirgupės g.,Pašilaičių
Žozefo Pusjė g.,Pašilaičių
Adomo Brako g.,Pilaitės
Aismarių g.,Pilaitės
Alnos g.,Pilaitės
Angelavos g.,Pilaitės
Antanerės g.,Pilaitės
Argos g.,Pilaitės
Arnavos g.,Pilaitės
Auros g.,Pilaitės
Balgos g.,Pilaitės
Bitėnų g.,Pilaitės
Cintų g.,Pilaitės
Čekoniškių g.,Pilaitės
Danės g.,Pilaitės
Dargužių g.,Pilaitės
Darkiemio g.,Pilaitės
Deimenos g.,Pilaitės
Dituvos g.,Pilaitės
Eitkūnų g.,Pilaitės
Gavaičių g.,Pilaitės
Gedupės g.,Pilaitės
Gelažių g.,Pilaitės
Geryčių g.,Pilaitės
Gilijos g.,Pilaitės
Gilužio g.,Pilaitės
Girdavos g.,Pilaitės
Gumbinės g.,Pilaitės
I. Kanto al.,Pilaitės
I. Simonaitytės g.,Pilaitės
Ievos Labutytės g.,Pilaitės
Ylavos g.,Pilaitės
Ilmenos g.,Pilaitės
Įsruties g.,Pilaitės
J. Bobrovskio g.,Pilaitės
J. Bretkūno g.,Pilaitės
J. Zauerveino g.,Pilaitės
Juodkrantės g.,Pilaitės
Karaliaučiaus g.,Pilaitės
Karvaičių g.,Pilaitės
Katyčių g.,Pilaitės
Katniavos g.,Pilaitės
Kirsnos g.,Pilaitės
Knygnešių g.,Pilaitės
Knypavos g.,Pilaitės
Kriaučiūnų g.,Pilaitės
L. Rėzos al.,Pilaitės
Labguvos g.,Pilaitės
Lauknos g.,Pilaitės
Lautės g.,Pilaitės
Lūjos g.,Pilaitės
Luknojų g.,Pilaitės
M. Jankaus g.,Pilaitės
M. Mažvydo g.,Pilaitės
M. Pretorijaus g.,Pilaitės
Medinavos g.,Pilaitės
Mielkiemio g.,Pilaitės
Mikytų g.,Pilaitės
Nadruvos g.,Pilaitės
Nidos g.,Pilaitės
Obeliškių g.,Pilaitės
Padekaniškių g.,Pilaitės
Pajautos g.,Pilaitės
Pakarvių g.,Pilaitės
Pakluonės g.,Pilaitės
Palvininkų g.,Pilaitės
Papilėnų g.,Pilaitės
Papiškių g.,Pilaitės
Pervalkos g.,Pilaitės
Pilaitės pr.,Pilaitės
Pilaitės Sodų g.,Pilaitės
Pilaitės Sodų 1-oji g.,Pilaitės
Pilaitės Sodų 2-oji g.,Pilaitės
Pilaitės Sodų 3-ioji g.,Pilaitės
Pilaitės Sodų 4-oji g.,Pilaitės
Pilaitės Sodų 5-oji g.,Pilaitės
Pilaitės Sodų 6-oji g.,Pilaitės
Pilaitės Sodų 8-oji g.,Pilaitės
Piliakalnio g.,Pilaitės
Piliavos g.,Pilaitės
Pilkalnio g.,Pilaitės
Platiniškių g.,Pilaitės
Preilos g.,Pilaitės
Priegliaus g.,Pilaitės
Priekulės g.,Pilaitės
Ragainės g.,Pilaitės
Rambyno g.,Pilaitės
Ramintos g.,Pilaitės
Rantavos g.,Pilaitės
Rasytės g.,Pilaitės
Rojaus g.,Pilaitės
Rūdavos g.,Pilaitės
Rusnės g.,Pilaitės
Saldenės g.,Pilaitės
Salotės g.,Pilaitės
Sauluvos g.,Pilaitės
Sembos g.,Pilaitės
Senosios Pilaitės kelias,Pilaitės
Sidaronių g.,Pilaitės
Smalinės g.,Pilaitės
Stalupėnų g.,Pilaitės
Stanislovo Rapolionio g.,Pilaitės
Šarkuvos g.,Pilaitės
Tarpučių g.,Pilaitės
Taurupės g.,Pilaitės
Tepliavos g.,Pilaitės
Tylos g.,Pilaitės
Tilžės g.,Pilaitės
Tolminkiemio g.,Pilaitės
Toravos g.,Pilaitės
Trakėnų g.,Pilaitės
Tvenkinių g.,Pilaitės
Valdavos g.,Pilaitės
Valtarkiemio g.,Pilaitės
Varnės g.,Pilaitės
Vėluvos g.,Pilaitės
Ventės g.,Pilaitės
Verdainės g.,Pilaitės
Vydūno g.,Pilaitės
Vilkeliškių g.,Pilaitės
Virbalio g.,Pilaitės
Vištyčio g.,Pilaitės
Vorupės g.,Pilaitės
Zujūnų g.,Pilaitės
Žuvininkų g.,Pilaitės
Aido g.,Rasų
Alkūnės g.,Rasų
Balandžių g.,Rasų
Belmonto g.,Rasų
Belvederio g.,Rasų
Beržuonos g.,Rasų
Birbynių g.,Rasų
Dailidžių g.,Rasų
Dalgių g.,Rasų
Darbo g.,Rasų
Dilgynės g.,Rasų
Dirvonų g.,Rasų
Dobilų g.,Rasų
Drebulės g.,Rasų
Drujos g.,Rasų
Dunojaus g.,Rasų
Dzūkų g.,Rasų
Filaretų g.,Rasų
Flamandų g.,Rasų
Gardino g.,Rasų
Gaujos g.,Rasų
Gegužės g.,Rasų
Geležinė g.,Rasų
Gurių g.,Rasų
Juodasis kelias,Rasų
Juodojo Kelio Sodų g.,Rasų
Kalvos g.,Rasų
Katiliškių g.,Rasų
Kaukysos g.,Rasų
Kenos g.,Rasų
Kirkuto al.,Rasų
Krėvos g.,Rasų
Kuprioniškių g.,Rasų
Liepkalnio g.,Rasų
Lyglaukių g.,Rasų
Markučių g.,Rasų
Medininkų g.,Rasų
Minsko pl.,Rasų
Murlinės g.,Rasų
Naručio g.,Rasų
Naujininkų g.,Rasų
Olandų g.,Rasų
Pakraščio g.,Rasų
Paplaujos g.,Rasų
Pavilnio g.,Rasų
Pelesos g.,Rasų
Peteliškių g.,Rasų
Pipirų g.,Rasų
Pirčiupių g.,Rasų
Povilo Višinskio g.,Rasų
Raguvos g.,Rasų
Ramybės g.,Rasų
Ramunių g.,Rasų
Rasų g.,Rasų
Ribiškių takas,Rasų
Ribiškių Didžioji g.,Rasų
Ribiškių Sodų 1-oji g.,Rasų
Ribiškių Sodų 2-oji g.,Rasų
Ribiškių Sodų 3-ioji g.,Rasų
Rudens g.,Rasų
Rukainių g.,Rasų
Saulėgrąžų g.,Rasų
Serbų g.,Rasų
Servečės g.,Rasų
Sibiro g.,Rasų
Skudučių g.,Rasų
Slėnio g.,Rasų
Sodybų g.,Rasų
Srovės g.,Rasų
Stadiono g.,Rasų
Stalių g.,Rasų
Stepono Batoro g.,Rasų
Subačiaus g.,Rasų
Sukilėlių g.,Rasų
Sulos g.,Rasų
Svylos g.,Rasų
Svirno g.,Rasų
Šarkų g.,Rasų
Tyzenhauzų g.,Rasų
Turgelių g.,Rasų
Ušos g.,Rasų
Varšuvos g.,Rasų
Veiverių g.,Rasų
Verslo g.,Rasų
Vieversių g.,Rasų
Vilnelės g.,Rasų
Zarasų g.,Rasų
Žibuoklių g.,Rasų
Žiemos g.,Rasų
Žiogų g.,Rasų
A. Strazdelio g.,Senamiesčio
A. Volano g.,Senamiesčio
Aguonų g.,Senamiesčio
Arklių g.,Senamiesčio
Arsenalo g.,Senamiesčio
Ašmenos g.,Senamiesčio
Augustijonų g.,Senamiesčio
Aukštaičių g.,Senamiesčio
Aušros Vartų g.,Senamiesčio
Balstogės g.,Senamiesčio
Baltasis skg.,Senamiesčio
Barboros Radvilaitės g.,Senamiesčio
Bazilijonų g.,Senamiesčio
Benediktinių g.,Senamiesčio
Bernardinų g.,Senamiesčio
Bokšto g.,Senamiesčio
Didžioji g.,Senamiesčio
Dysnos g.,Senamiesčio
Dominikonų g.,Senamiesčio
Etmonų g.,Senamiesčio
Filaretų g.,Senamiesčio
Gaono g.,Senamiesčio
Gedimino pr.,Senamiesčio
Geležinkelio g.,Senamiesčio
Gėlių g.,Senamiesčio
Gervėčių g.,Senamiesčio
Geto Aukų a.,Senamiesčio
Islandijos g.,Senamiesčio
Išganytojo g.,Senamiesčio
J. Basanavičiaus g.,Senamiesčio
Jogailos g.,Senamiesčio
Jono Meko skersvėjo takas,Senamiesčio
Jono Žemaičio a.,Senamiesčio
K. Kalinausko g.,Senamiesčio
K. Sirvydo g.,Senamiesčio
K. Sirvydo skv.,Senamiesčio
K. Vanagėlio g.,Senamiesčio
Karmelitų g.,Senamiesčio
Katedros a.,Senamiesčio
Kauno g.,Senamiesčio
Kazio Škirpos al.,Senamiesčio
Kėdainių g.,Senamiesčio
Klaipėdos g.,Senamiesčio
Kreivasis skg.,Senamiesčio
Krivių g.,Senamiesčio
Krivūlės g.,Senamiesčio
Kruopų g.,Senamiesčio
Kūdrų g.,Senamiesčio
L. Stuokos-Gucevičiaus g.,Senamiesčio
Labdarių g.,Senamiesčio
Lapų g.,Senamiesčio
Latako g.,Senamiesčio
Lazdynų Pelėdos skv.,Senamiesčio
Lydos g.,Senamiesčio
Liejyklos g.,Senamiesčio
Ligoninės g.,Senamiesčio
Literatų g.,Senamiesčio
M. Antokolskio g.,Senamiesčio
M. Daukšos g.,Senamiesčio
M. Dobužinskio g.,Senamiesčio
Maironio g.,Senamiesčio
Malūnų g.,Senamiesčio
Mėsinių g.,Senamiesčio
Mielagėnų g.,Senamiesčio
Miesto Sienos g.,Senamiesčio
Mindaugo g.,Senamiesčio
Naugarduko g.,Senamiesčio
Odminių g.,Senamiesčio
Olandų g.,Senamiesčio
Onos Šimaitės g.,Senamiesčio
Palangos g.,Senamiesčio
Pasažo skg.,Senamiesčio
Paupio g.,Senamiesčio
Pilies g.,Senamiesčio
Pylimo g.,Senamiesčio
Plačioji g.,Senamiesčio
Polocko g.,Senamiesčio
Povilo Višinskio g.,Senamiesčio
Pranciškonų g.,Senamiesčio
Radvilų g.,Senamiesčio
Rasų g.,Senamiesčio
Raugyklos g.,Senamiesčio
Reformatų skv.,Senamiesčio
Rotušės a.,Senamiesčio
Rūdninkų g.,Senamiesčio
Rusų g.,Senamiesčio
S. Daukanto a.,Senamiesčio
S. Moniuškos skv.,Senamiesčio
S. Skapo g.,Senamiesčio
Savičiaus g.,Senamiesčio
Sluškų g.,Senamiesčio
Sodų g.,Senamiesčio
Stasio Vainiūno g.,Senamiesčio
Stiklių g.,Senamiesčio
Subačiaus g.,Senamiesčio
Šaltinių g.,Senamiesčio
Šiaulių g.,Senamiesčio
Šiltadaržio g.,Senamiesčio
Šv. Brunono Bonifaco g.,Senamiesčio
Šv. Dvasios g.,Senamiesčio
Šv. Ignoto g.,Senamiesčio
Šv. Jono g.,Senamiesčio
Šv. Kazimiero g.,Senamiesčio
Šv. Mikalojaus g.,Senamiesčio
Šv. Mykolo g.,Senamiesčio
Šv. Stepono g.,Senamiesčio
Švarco g.,Senamiesčio
Švenčionių g.,Senamiesčio
Šventaragio g.,Senamiesčio
T. Kosciuškos g.,Senamiesčio
T. Vrublevskio g.,Senamiesčio
Teatro g.,Senamiesčio
Tibeto skv.,Senamiesčio
Tilto g.,Senamiesčio
Totorių g.,Senamiesčio
Trakų g.,Senamiesčio
Universiteto g.,Senamiesčio
Užupio g.,Senamiesčio
V. Šopeno g.,Senamiesčio
Varpų g.,Senamiesčio
Vilniaus g.,Senamiesčio
Vilnios takas,Senamiesčio
Vinco Kudirkos a.,Senamiesčio
Vingrių g.,Senamiesčio
Visų Šventųjų g.,Senamiesčio
Vitebsko g.,Senamiesčio
Vokiečių g.,Senamiesčio
Zarasų g.,Senamiesčio
Žemaitijos g.,Senamiesčio
Žydų g.,Senamiesčio
Žygimanto Liauksmino g.,Senamiesčio
Žygimantų g.,Senamiesčio
Žiupronių g.,Senamiesčio
Žvirgždyno g.,Senamiesčio
Anykščių g.,Šeškinės
Ąžuolyno g.,Šeškinės
Buivydiškių g.,Šeškinės
Čiobiškio g.,Šeškinės
Deltuvos g.,Šeškinės
Dūkštų g.,Šeškinės
Geležinio Vilko g.,Šeškinės
Gelvonų g.,Šeškinės
Laisvės pr.,Šeškinės
Miglos g.,Šeškinės
Musninkų g.,Šeškinės
Ozo g.,Šeškinės
Paberžės g.,Šeškinės
Paribio g.,Šeškinės
Siesikų g.,Šeškinės
Sudervės kelias,Šeškinės
Šeškinės g.,Šeškinės
Šeškinės Sodų g.,Šeškinės
Šeškinės Sodų 1-oji g.,Šeškinės
Šeškinės Sodų 2-oji g.,Šeškinės
Šeškinės Sodų 3-ioji g.,Šeškinės
Ukmergės g.,Šeškinės
Upytės g.,Šeškinės
Želvos g.,Šeškinės
A. Juozapavičiaus g.,Šnipiškių
Apkasų g.,Šnipiškių
Ceikinių g.,Šnipiškių
Daugėliškio g.,Šnipiškių
Dubingių g.,Šnipiškių
Durpių g.,Šnipiškių
Europos a.,Šnipiškių
Gedimino Baravyko g.,Šnipiškių
Geležinio Vilko g.,Šnipiškių
Giedraičių g.,Šnipiškių
H. Manto g.,Šnipiškių
Kaltanėnų g.,Šnipiškių
Kalvarijų g.,Šnipiškių
Kazimiero Vasiliausko skv.,Šnipiškių
Kernavės g.,Šnipiškių
Kintų g.,Šnipiškių
Konstitucijos pr.,Šnipiškių
Krokuvos g.,Šnipiškių
Krosnies g.,Šnipiškių
Linkmenų g.,Šnipiškių
Lvovo g.,Šnipiškių
Maišiagalos g.,Šnipiškių
Ozo g.,Šnipiškių
Ratnyčios g.,Šnipiškių
Rinktinės g.,Šnipiškių
Rudnios g.,Šnipiškių
S. Fino g.,Šnipiškių
Saracėnų g.,Šnipiškių
Slucko g.,Šnipiškių
Šatrijos g.,Šnipiškių
Šeimyniškių g.,Šnipiškių
Šiaudinės g.,Šnipiškių
Šilutės g.,Šnipiškių
Širvintų g.,Šnipiškių
Šnipiškių g.,Šnipiškių
Tauragnų g.,Šnipiškių
Trimitų g.,Šnipiškių
Turgaus g.,Šnipiškių
Upės g.,Šnipiškių
Utenos g.,Šnipiškių
Veprių g.,Šnipiškių
Žalgirio g.,Šnipiškių
Žvejų g.,Šnipiškių
A. Šabaniausko g.,Verkių
Aitvarų g.,Verkių
Akademijos g.,Verkių
Alberto Telyčėno g.,Verkių
Algimanto Mackaus g.,Verkių
Alko g.,Verkių
Antano Krutulio g.,Verkių
Anupriškių g.,Verkių
Apynių g.,Verkių
Ateities g.,Verkių
Augusto Roberto Niemio g.,Verkių
Aukštadvario g.,Verkių
Aukuro g.,Verkių
Austėjos g.,Verkių
Aušrinės g.,Verkių
Aviečių g.,Verkių
Avietyno g.,Verkių
Avižų g.,Verkių
B. Dvariono g.,Verkių
Babinių g.,Verkių
Babinių Sodų 1-oji g.,Verkių
Babinių Sodų 10-oji g.,Verkių
Babinių Sodų 11-oji g.,Verkių
Babinių Sodų 12-oji g.,Verkių
Babinių Sodų 13-oji g.,Verkių
Babinių Sodų 14-oji g.,Verkių
Babinių Sodų 15-oji g.,Verkių
Babinių Sodų 16-oji g.,Verkių
Babinių Sodų 17-oji g.,Verkių
Babinių Sodų 18-oji g.,Verkių
Babinių Sodų 19-oji g.,Verkių
Babinių Sodų 2-oji g.,Verkių
Babinių Sodų 21-oji g.,Verkių
Babinių Sodų 22-oji g.,Verkių
Babinių Sodų 23-ioji g.,Verkių
Babinių Sodų 25-oji g.,Verkių
Babinių Sodų 26-oji g.,Verkių
Babinių Sodų 27-oji g.,Verkių
Babinių Sodų 28-oji g.,Verkių
Babinių Sodų 3-ioji g.,Verkių
Babinių Sodų 4-oji g.,Verkių
Babinių Sodų 5-oji g.,Verkių
Babinių Sodų 6-oji g.,Verkių
Babinių Sodų 7-oji g.,Verkių
Babinių Sodų 8-oji g.,Verkių
Babinių Sodų 9-oji g.,Verkių
Bagutiškių g.,Verkių
Bajorų kelias,Verkių
Bajorų Kelio 1-oji g.,Verkių
Bajorų Kelio 2-oji g.,Verkių
Bajorų Kelio 3-ioji g.,Verkių
Bajorų Kelio 4-oji g.,Verkių
Bajorų Sodų g.,Verkių
Bajorų Sodų 1-oji g.,Verkių
Bajorų Sodų 10-oji g.,Verkių
Bajorų Sodų 11-oji g.,Verkių
Bajorų Sodų 12-oji g.,Verkių
Bajorų Sodų 13-oji g.,Verkių
Bajorų Sodų 14-oji g.,Verkių
Bajorų Sodų 15-oji g.,Verkių
Bajorų Sodų 16-oji g.,Verkių
Bajorų Sodų 17-oji g.,Verkių
Bajorų Sodų 18-oji g.,Verkių
Bajorų Sodų 19-oji g.,Verkių
Bajorų Sodų 2-oji g.,Verkių
Bajorų Sodų 20-oji g.,Verkių
Bajorų Sodų 21-oji g.,Verkių
Bajorų Sodų 22-oji g.,Verkių
Bajorų Sodų 23-ioji g.,Verkių
Bajorų Sodų 24-oji g.,Verkių
Bajorų Sodų 25-oji g.,Verkių
Bajorų Sodų 26-oji g.,Verkių
Bajorų Sodų 27-oji g.,Verkių
Bajorų Sodų 28-oji g.,Verkių
Bajorų Sodų 29-oji g.,Verkių
Bajorų Sodų 3-ioji g.,Verkių
Bajorų Sodų 30-oji g.,Verkių
Bajorų Sodų 31-oji g.,Verkių
Bajorų Sodų 32-oji g.,Verkių
Bajorų Sodų 33-ioji g.,Verkių
Bajorų Sodų 4-oji g.,Verkių
Bajorų Sodų 5-oji g.,Verkių
Bajorų Sodų 6-oji g.,Verkių
Bajorų Sodų 7-oji g.,Verkių
Bajorų Sodų 8-oji g.,Verkių
Bajorų Sodų 9-oji g.,Verkių
Balsių g.,Verkių
Balsių Sodų 1-oji g.,Verkių
Balsių Sodų 10-oji g.,Verkių
Balsių Sodų 11-oji g.,Verkių
Balsių Sodų 12-oji g.,Verkių
Balsių Sodų 2-oji g.,Verkių
Balsių Sodų 3-ioji g.,Verkių
Balsių Sodų 4-oji g.,Verkių
Balsių Sodų 5-oji g.,Verkių
Balsių Sodų 6-oji g.,Verkių
Balsių Sodų 7-oji g.,Verkių
Balsių Sodų 8-oji g.,Verkių
Balsių Sodų 9-oji g.,Verkių
Baltadvario g.,Verkių
Baltų pr.,Verkių
Baltupio g.,Verkių
Benedikto Vainos g.,Verkių
Biochemikų g.,Verkių
Birelių g.,Verkių
Birelių Sodų g.,Verkių
Birelių Sodų 1-oji g.,Verkių
Birelių Sodų 10-oji g.,Verkių
Birelių Sodų 11-oji g.,Verkių
Birelių Sodų 12-oji g.,Verkių
Birelių Sodų 13-oji g.,Verkių
Birelių Sodų 14-oji g.,Verkių
Birelių Sodų 15-oji g.,Verkių
Birelių Sodų 16-oji g.,Verkių
Birelių Sodų 17-oji g.,Verkių
Birelių Sodų 18-oji g.,Verkių
Birelių Sodų 19-oji g.,Verkių
Birelių Sodų 2-oji g.,Verkių
Birelių Sodų 20-oji g.,Verkių
Birelių Sodų 21-oji g.,Verkių
Birelių Sodų 23-ioji g.,Verkių
Birelių Sodų 24-oji g.,Verkių
Birelių Sodų 25-oji g.,Verkių
Birelių Sodų 3-ioji g.,Verkių
Birelių Sodų 4-oji g.,Verkių
Birelių Sodų 5-oji g.,Verkių
Birelių Sodų 6-oji g.,Verkių
Birelių Sodų 7-oji g.,Verkių
Birelių Sodų 8-oji g.,Verkių
Birelių Sodų 9-oji g.,Verkių
Bitininkų g.,Verkių
Brastos g.,Verkių
Braškių g.,Verkių
Broniaus Krivicko g.,Verkių
Bubilo g.,Verkių
Bulvikio g.,Verkių
Butigeidžio g.,Verkių
Butvydo g.,Verkių
Dalios g.,Verkių
Dangeručio g.,Verkių
Daujoto g.,Verkių
Daumanto g.,Verkių
Dausprungo g.,Verkių
Dausų g.,Verkių
Didlaukio g.,Verkių
Didžiųjų Gulbinų g.,Verkių
Draustinio g.,Verkių
Dundulio g.,Verkių
Dvariškių g.,Verkių
Dvaro g.,Verkių
Europos Parko g.,Verkių
Eustachijaus Valavičiaus g.,Verkių
Fizikų g.,Verkių
Gaižuvos g.,Verkių
Galuklonių g.,Verkių
Garšvėnų g.,Verkių
Geležinio Vilko g.,Verkių
Girinio g.,Verkių
Grūšiakalnio g.,Verkių
Gulbinėlių g.,Verkių
Gulbinėlių Sodų 1-oji g.,Verkių
Gulbinų g.,Verkių
Henriko Radausko g.,Verkių
Išilginė g.,Verkių
Iždo g.,Verkių
J. Degutytės g.,Verkių
J. Franko g.,Verkių
J. Tallat-Kelpšos g.,Verkių
Jaunučio g.,Verkių
Jauronių g.,Verkių
Jeronimo Ralio g.,Verkių
Jeruzalės g.,Verkių
Jono Kairiūkščio g.,Verkių
Jono Kazlausko g.,Verkių
Jundos g.,Verkių
Juozapiškių g.,Verkių
Juozo Balčikonio g.,Verkių
Juozo Grušo g.,Verkių
Juozo Miltinio g.,Verkių
Juozo Pikčilingio g.,Verkių
Jurgio Bialozoro g.,Verkių
Jurgio Lebedžio g.,Verkių
Jurgio Radvilos g.,Verkių
Kalvarijų g.,Verkių
Kalvarijų Sodų 1-oji g.,Verkių
Kalvarijų Sodų 11-oji g.,Verkių
Kalvarijų Sodų 2-oji g.,Verkių
Kalvarijų Sodų 3-ioji g.,Verkių
Kalvarijų Sodų 4-oji g.,Verkių
Kalvarijų Sodų 5-oji g.,Verkių
Kalvarijų Sodų 6-oji g.,Verkių
Kalvarijų Sodų 7-oji g.,Verkių
Kalvarijų Sodų 8-oji g.,Verkių
Kalvarijų Sodų 9-oji g.,Verkių
Karšuvos g.,Verkių
Kaukų g.,Verkių
Kazimiero Pelčaro g.,Verkių
Kazio Borutos g.,Verkių
Kazio Ulvydo g.,Verkių
Kirnio g.,Verkių
Kmitos g.,Verkių
Kolektyvo g.,Verkių
Korių g.,Verkių
Krakiškių g.,Verkių
Krakiškių Sodų 1-oji g.,Verkių
Krakiškių Sodų 10-oji g.,Verkių
Krakiškių Sodų 11-oji g.,Verkių
Krakiškių Sodų 12-oji g.,Verkių
Krakiškių Sodų 13-oji g.,Verkių
Krakiškių Sodų 14-oji g.,Verkių
Krakiškių Sodų 15-oji g.,Verkių
Krakiškių Sodų 16-oji g.,Verkių
Krakiškių Sodų 17-oji g.,Verkių
Krakiškių Sodų 18-oji g.,Verkių
Krakiškių Sodų 19-oji g.,Verkių
Krakiškių Sodų 2-oji g.,Verkių
Krakiškių Sodų 20-oji g.,Verkių
Krakiškių Sodų 21-oji g.,Verkių
Krakiškių Sodų 3-ioji g.,Verkių
Krakiškių Sodų 4-oji g.,Verkių
Krakiškių Sodų 5-oji g.,Verkių
Krakiškių Sodų 6-oji g.,Verkių
Krakiškių Sodų 7-oji g.,Verkių
Krakiškių Sodų 8-oji g.,Verkių
Krakiškių Sodų 9-oji g.,Verkių
Kremplių g.,Verkių
Kryžiokų g.,Verkių
Kryžiokų Sodų 1-oji g.,Verkių
Kryžiokų Sodų 10-oji g.,Verkių
Kryžiokų Sodų 11-oji g.,Verkių
Kryžiokų Sodų 12-oji g.,Verkių
Kryžiokų Sodų 13-oji g.,Verkių
Kryžiokų Sodų 2-oji g.,Verkių
Kryžiokų Sodų 3-ioji g.,Verkių
Kryžiokų Sodų 4-oji g.,Verkių
Kryžiokų Sodų 5-oji g.,Verkių
Kryžiokų Sodų 6-oji g.,Verkių
Kryžiokų Sodų 7-oji g.,Verkių
Kryžiokų Sodų 8-oji g.,Verkių
Kryžiokų Sodų 9-oji g.,Verkių
Kurklių g.,Verkių
Kviečių g.,Verkių
L. Giros g.,Verkių
L. Steponaitienės g.,Verkių
Laimos g.,Verkių
Laukelių g.,Verkių
Laukų g.,Verkių
Laumių g.,Verkių
Lydimėlių g.,Verkių
Lobio g.,Verkių
M. Bukšos g.,Verkių
M. Indriliūno g.,Verkių
Maldininkų g.,Verkių
Marijos Horodničienės g.,Verkių
Maumedžių g.,Verkių
Mažųjų Gulbinų g.,Verkių
Miežių g.,Verkių
Mykolo Lietuvio g.,Verkių
Mykolo Marcinkevičiaus g.,Verkių
Mokyklos g.,Verkių
Mokslininkų g.,Verkių
Molėtų pl.,Verkių
Nalšios g.,Verkių
Narimanto g.,Verkių
Naujakiemio g.,Verkių
Naujanerių g.,Verkių
Naujanerių Sodų 1-oji g.,Verkių
Naujanerių Sodų 2-oji g.,Verkių
Naujanerių Sodų 3-ioji g.,Verkių
Naujanerių Sodų 4-oji g.,Verkių
Naujanerių Sodų 5-oji g.,Verkių
Naujanerių Sodų 6-oji g.,Verkių
Naujanerių Sodų 7-oji g.,Verkių
Naujanerių Sodų 8-oji g.,Verkių
Netimero g.,Verkių
Nolonių g.,Verkių
Noragiškių g.,Verkių
Norviliškių g.,Verkių
Numėjos g.,Verkių
Obelų g.,Verkių
Onos Miciūtės g.,Verkių
Ozo g.,Verkių
Ožkinių g.,Verkių
Ožkinių Sodų 1-oji g.,Verkių
Ožkinių Sodų 11-oji g.,Verkių
Ožkinių Sodų 12-oji g.,Verkių
Ožkinių Sodų 13-oji g.,Verkių
Ožkinių Sodų 14-oji g.,Verkių
Ožkinių Sodų 2-oji g.,Verkių
Ožkinių Sodų 3-ioji g.,Verkių
Ožkinių Sodų 4-oji g.,Verkių
Ožkinių Sodų 5-oji g.,Verkių
Ožkinių Sodų 6-oji g.,Verkių
Ožkinių Sodų 7-oji g.,Verkių
Padvarės g.,Verkių
Pagubės g.,Verkių
Pagubės Sodų 1-oji g.,Verkių
Pagubės Sodų 10-oji g.,Verkių
Pagubės Sodų 11-oji g.,Verkių
Pagubės Sodų 12-oji g.,Verkių
Pagubės Sodų 13-oji g.,Verkių
Pagubės Sodų 14-oji g.,Verkių
Pagubės Sodų 15-oji g.,Verkių
Pagubės Sodų 16-oji g.,Verkių
Pagubės Sodų 17-oji g.,Verkių
Pagubės Sodų 19-oji g.,Verkių
Pagubės Sodų 2-oji g.,Verkių
Pagubės Sodų 20-oji g.,Verkių
Pagubės Sodų 21-oji g.,Verkių
Pagubės Sodų 22-oji g.,Verkių
Pagubės Sodų 23-ioji g.,Verkių
Pagubės Sodų 24-oji g.,Verkių
Pagubės Sodų 25-oji g.,Verkių
Pagubės Sodų 26-oji g.,Verkių
Pagubės Sodų 27-oji g.,Verkių
Pagubės Sodų 28-oji g.,Verkių
Pagubės Sodų 29-oji g.,Verkių
Pagubės Sodų 3-ioji g.,Verkių
Pagubės Sodų 30-oji g.,Verkių
Pagubės Sodų 31-oji g.,Verkių
Pagubės Sodų 32-oji g.,Verkių
Pagubės Sodų 4-oji g.,Verkių
Pagubės Sodų 5-oji g.,Verkių
Pagubės Sodų 6-oji g.,Verkių
Pagubės Sodų 7-oji g.,Verkių
Pagubės Sodų 8-oji g.,Verkių
Pagubės Sodų 9-oji g.,Verkių
Panemunės g.,Verkių
Pasaulio Teisuolių skv.,Verkių
Pašilių g.,Verkių
Pašvaistės g.,Verkių
Peluonės g.,Verkių
Petro Baublio g.,Verkių
Pievų g.,Verkių
Pijų g.,Verkių
Pilėnų g.,Verkių
Pilnaties g.,Verkių
Popieriaus g.,Verkių
Povilo Alšėniškio g.,Verkių
Pranciškaus Smuglevičiaus g.,Verkių
Prano Vaičaičio g.,Verkių
Prašiškių g.,Verkių
Pukuvero g.,Verkių
Pušyno kelias,Verkių
Ragės g.,Verkių
Ragučio g.,Verkių
Raudonės g.,Verkių
Riešės g.,Verkių
Romuvos g.,Verkių
Rugių g.,Verkių
Sakališkių g.,Verkių
Santariškių g.,Verkių
Santaros g.,Verkių
Senolių g.,Verkių
Sidabrės g.,Verkių
Sietuvos g.,Verkių
Silvestro Gimžausko g.,Verkių
Skalvos g.,Verkių
Skersinės g.,Verkių
Skersinės Sodų 1-oji g.,Verkių
Skersinės Sodų 2-oji g.,Verkių
Skersinės Sodų 3-ioji g.,Verkių
Skersinės Sodų 4-oji g.,Verkių
Skersinės Sodų 5-oji g.,Verkių
Skersinės Sodų 6-oji g.,Verkių
Skersinės Sodų 7-oji g.,Verkių
Skersinės Sodų 8-oji g.,Verkių
Skersinės Sodų 9-oji g.,Verkių
Spindulio g.,Verkių
Stalioriškių g.,Verkių
Stoniškių g.,Verkių
Sūduvos g.,Verkių
Šaulio g.,Verkių
Šiukštulių g.,Verkių
Švarno g.,Verkių
Trinapolio g.,Verkių
Ugnies g.,Verkių
Užpalių g.,Verkių
V. Kuzmos g.,Verkių
V. Mačernio g.,Verkių
Vaidevučio g.,Verkių
Vaidoto Daunio g.,Verkių
Vaišelgos g.,Verkių
Valerijono Protasevičiaus g.,Verkių
Vanaginės Sodų 1-oji g.,Verkių
Vanaginės Sodų 2-oji g.,Verkių
Vanaginės Sodų 3-ioji g.,Verkių
Vanaginės Sodų 4-oji g.,Verkių
Vanaginės Sodų 5-oji g.,Verkių
Vandenio g.,Verkių
Verkių g.,Verkių
Verkių Riešės g.,Verkių
Verkių Sodų 1-oji g.,Verkių
Verkių Sodų 2-oji g.,Verkių
Verkių Sodų 3-ioji g.,Verkių
Verkių Sodų 4-oji g.,Verkių
Verkių Sodų 5-oji g.,Verkių
Vilkynės g.,Verkių
Vindaubos g.,Verkių
Visalaukio g.,Verkių
Vyskupo Andriaus g.,Verkių
Visorių g.,Verkių
Visorių Sodų g.,Verkių
Visorių Sodų 1-oji g.,Verkių
Visorių Sodų 10-oji g.,Verkių
Visorių Sodų 11-oji g.,Verkių
Visorių Sodų 12-oji g.,Verkių
Visorių Sodų 13-oji g.,Verkių
Visorių Sodų 14-oji g.,Verkių
Visorių Sodų 15-oji g.,Verkių
Visorių Sodų 18-oji g.,Verkių
Visorių Sodų 19-oji g.,Verkių
Visorių Sodų 2-oji g.,Verkių
Visorių Sodų 20-oji g.,Verkių
Visorių Sodų 21-oji g.,Verkių
Visorių Sodų 22-oji g.,Verkių
Visorių Sodų 23-ioji g.,Verkių
Visorių Sodų 3-ioji g.,Verkių
Visorių Sodų 4-oji g.,Verkių
Visorių Sodų 5-oji g.,Verkių
Visorių Sodų 6-oji g.,Verkių
Visorių Sodų 7-oji g.,Verkių
Visorių Sodų 8-oji g.,Verkių
Visorių Sodų 9-oji g.,Verkių
Vito Gerulaičio g.,Verkių
Vlado Drėmos g.,Verkių
Zebedeno g.,Verkių
Žalčių g.,Verkių
Žaliųjų Ežerų g.,Verkių
Želmenų g.,Verkių
Žemėpačio g.,Verkių
Žemuogių g.,Verkių
Žilvino g.,Verkių
Žynių g.,Verkių
Živinbudo g.,Verkių
Žvalgų g.,Verkių
Žvelgaičio g.,Verkių
Eglių g.,Vilkpėdės
Eigulių g.,Vilkpėdės
Elektrinės g.,Vilkpėdės
Geležinio Vilko g.,Vilkpėdės
Gerosios Vilties g.,Vilkpėdės
Giedrioji g.,Vilkpėdės
Giraitės g.,Vilkpėdės
Jankiškių g.,Vilkpėdės
Klevų g.,Vilkpėdės
Laisvės pr.,Vilkpėdės
Liepsnos g.,Vilkpėdės
M. K. Čiurlionio g.,Vilkpėdės
Naugarduko g.,Vilkpėdės
Naujoji Riovonių g.,Vilkpėdės
Pakalniškių g.,Vilkpėdės
Panerių g.,Vilkpėdės
Račių g.,Vilkpėdės
Riovonių g.,Vilkpėdės
S. Konarskio g.,Vilkpėdės
Sausupio g.,Vilkpėdės
Savanorių pr.,Vilkpėdės
Skaistvario g.,Vilkpėdės
Skapiškio g.,Vilkpėdės
Skroblų g.,Vilkpėdės
Šaltupio g.,Vilkpėdės
Šlaito g.,Vilkpėdės
Titnago g.,Vilkpėdės
Tūkstantmečio g.,Vilkpėdės
Ūmėdžių g.,Vilkpėdės
V. Pietario g.,Vilkpėdės
Vaduvos g.,Vilkpėdės
Valkininkų g.,Vilkpėdės
Vandentiekio g.,Vilkpėdės
Vilkpėdės g.,Vilkpėdės
Zietelos g.,Vilkpėdės
Žemaitės g.,Vilkpėdės
A. Sacharovo a.,Viršuliškių
Ąžuolyno g.,Viršuliškių
Č. Sugiharos g.,Viršuliškių
Juozo Rutkausko g.,Viršuliškių
Jurgio Matulaičio a.,Viršuliškių
Justiniškių g.,Viršuliškių
Laisvės pr.,Viršuliškių
Pilaitės pr.,Viršuliškių
Rygos g.,Viršuliškių
Spaudos g.,Viršuliškių
Sudervės kelias,Viršuliškių
Šešuolių g.,Viršuliškių
Tujų g.,Viršuliškių
Viršilų g.,Viršuliškių
Viršuliškių g.,Viršuliškių
Viršuliškių skg.,Viršuliškių
Vito Lingio g.,Viršuliškių
Apkasų g.,Žirmūnų
Bronislovo Laurinavičiaus skv.,Žirmūnų
J. Galvydžio g.,Žirmūnų
J. Kubiliaus g.,Žirmūnų
J. Treinio g.,Žirmūnų
Kalvarijų g.,Žirmūnų
Kareivių g.,Žirmūnų
Kazimiero Ladygos g.,Žirmūnų
Kazliškių g.,Žirmūnų
Lakūnų g.,Žirmūnų
M. Katkaus g.,Žirmūnų
Minties g.,Žirmūnų
Neries g.,Žirmūnų
Olimpiečių g.,Žirmūnų
P. Lukšio g.,Žirmūnų
Pulko g.,Žirmūnų
Raitininkų g.,Žirmūnų
Rinktinės g.,Žirmūnų
Riterių g.,Žirmūnų
S. Žukausko g.,Žirmūnų
Sporto g.,Žirmūnų
Šeimyniškių g.,Žirmūnų
Trimitų g.,Žirmūnų
Tuskulėnų g.,Žirmūnų
Ulonų g.,Žirmūnų
V. Nagevičiaus g.,Žirmūnų
Verkių g.,Žirmūnų
Žalgirio g.,Žirmūnų
Žygio g.,Žirmūnų
Žirmūnų g.,Žirmūnų
Žvalgų g.,Žirmūnų
A. Mickevičiaus g.,Žvėryno
Bebrų g.,Žvėryno
Birutės g.,Žvėryno
Blindžių g.,Žvėryno
D. Poškos g.,Žvėryno
Danielių g.,Žvėryno
Džocharo Dudajevo skv.,Žvėryno
Elnių g.,Žvėryno
Erelių g.,Žvėryno
Geležinio Vilko g.,Žvėryno
Gervių g.,Žvėryno
Gulbių g.,Žvėryno
J. I. Kraševskio g.,Žvėryno
Karaimų g.,Žvėryno
Kęstučio g.,Žvėryno
Lapių g.,Žvėryno
Latgalių g.,Žvėryno
Latvių g.,Žvėryno
Lenktoji g.,Žvėryno
Liepyno g.,Žvėryno
Liubarto g.,Žvėryno
Lokių g.,Žvėryno
Lūšių g.,Žvėryno
Malonioji g.,Žvėryno
Miglos g.,Žvėryno
Paribio g.,Žvėryno
Pieninės g.,Žvėryno
Pušų g.,Žvėryno
S. Moniuškos g.,Žvėryno
Sakalų g.,Žvėryno
Saltoniškių g.,Žvėryno
Sėlių g.,Žvėryno
Stirnų g.,Žvėryno
Studentų g.,Žvėryno
Stumbrų g.,Žvėryno
T. Narbuto g.,Žvėryno
Tbilisio skv.,Žvėryno
Traidenio g.,Žvėryno
Treniotos g.,Žvėryno
Ukmergės g.,Žvėryno
Upės g.,Žvėryno
Vykinto g.,Žvėryno
Vytauto g.,Žvėryno
Žalioji g.,Žvėryno
Žiemgalių g.,Žvėryno
Afindevičių g.,Grigiškių
Antano Smolskaus g.,Grigiškių
Atgajos g.,Grigiškių
Aušros g.,Grigiškių
Erškėčių g.,Grigiškių
Geldučių g.,Grigiškių
Jaunimo skg.,Grigiškių
Kadriškių g.,Grigiškių
Kauno Vokės g.,Grigiškių
Kovo 11-osios g.,Grigiškių
Kranto g.,Grigiškių
Kunigiškių g.,Grigiškių
Liepų g.,Grigiškių
Mažasis skg.,Grigiškių
Nepriklausomybės g.,Grigiškių
Neravų g.,Grigiškių
Projektavimo g.,Grigiškių
Salų g.,Grigiškių
Santakos g.,Grigiškių
Sklandytojų g.,Grigiškių
Slankų g.,Grigiškių
Sniegenų g.,Grigiškių
Spyglių g.,Grigiškių
Suopių g.,Grigiškių
Šaltinio g.,Grigiškių
Tilvikų g.,Grigiškių
Upokšnio g.,Grigiškių
Vijoklių g.,Grigiškių
Vokės Sodų g.,Grigiškių
Vokės Sodų 1-oji g.,Grigiškių
Vokės Sodų 2-oji g.,Grigiškių
Vokės Sodų 3-ioji g.,Grigiškių
Vokės Sodų 4-oji g.,Grigiškių
Vokės Sodų 5-oji g.,Grigiškių
Vokės Sodų 6-oji g.,Grigiškių
Vokės Sodų 7-oji g.,Grigiškių
Vokės Sodų 8-oji g.,Grigiškių
Zylių g.,Grigiškių
Žalvarnių g.,Grigiškių
